Ticker,Name,Latest,Change,%Change,High,Low,Volume,Time,CIK
AAMI,Acadian Asset Management Inc,47.54,-0.53,-1.10%,48.23,47.49,119900,12/30/25,1748824
AAP,Advance Auto Parts Inc,39.64,-0.23,-0.58%,40.3,39.27,2167100,12/30/25,1158449
AAT,American Assets Trust,19.05,-0.03,-0.16%,19.21,19.02,304100,12/30/25,1500217
ABCB,Ameris Bancorp,75.24,-0.62,-0.82%,75.75,74.8,435700,12/30/25,351569
ABG,Asbury Automotive Group Inc,236.52,-3.29,-1.37%,240,236.35,145900,12/30/25,1144980
ABM,ABM Industries Inc,42.7,-0.2,-0.47%,43.06,42.41,557100,12/30/25,771497
ABR,Arbor Realty Trust,7.77,-0.06,-0.77%,7.9381,7.76,3884100,12/30/25,1253986
ACA,Arcosa Inc,108.05,-1.25,-1.14%,109.955,108.05,120800,12/30/25,1739445
ACAD,Acadia Pharmaceutica,26.7,-0.56,-2.05%,27.3,26.66,1048000,12/30/25,1070494
ACHC,Acadia Healthcr Company,14.61,0.11,0.76%,14.74,14.36,2111800,12/30/25,1520697
ACIW,Aci Worldwide Inc,48.12,-0.48,-0.99%,48.76,48.09,333200,12/30/25,935036
ACLS,Axcelis Tech Inc,81.55,-0.27,-0.33%,82.64,81.36,163500,12/30/25,1113232
ACMR,Acm Research Inc,40.2,0.23,0.58%,43.78,39.95,1518800,12/30/25,1680062
ACT,Enact Holdings Inc,40.04,-0.06,-0.15%,40.16,39.88,112800,12/30/25,1823529
ADAM,Adamas Trust Inc,7.27,-0.03,-0.41%,7.35,7.24,486000,12/30/25,1273685
ADEA,Adeia Inc,17.61,0.3,1.73%,17.88,17.32,851400,12/30/25,1803696
ADMA,Adma Biologics,18.36,-0.75,-3.92%,19.19,18.32,1890100,12/30/25,1368514
ADNT,Adient Plc,19.47,0.1,0.52%,19.6461,19.24,687400,12/30/25,1670541
ADUS,Addus Homecare Corp,108.63,-1.48,-1.34%,109.46,108.15,112200,12/30/25,1468328
AEIS,Advanced Energy,213.41,-3.85,-1.77%,218.87,211.66,287000,12/30/25,927003
AEO,American Eagle Outfitters,26.69,-0.24,-0.89%,27.02,26.2,4532400,12/30/25,919012
AESI,Atlas Energy Solutions Inc Cl A,9.63,0.09,0.94%,9.8,9.46,2738400,12/30/25,1984060
AGO,Assured Guaranty Ltd,90.67,0.08,0.09%,91.29,90.36,238100,12/30/25,1273813
AGYS,Agilysys Inc,119.45,-2.95,-2.41%,123.93,119.37,195400,12/30/25,78749
AHCO,Adapthealth Corp Cl. A,10.12,-0.05,-0.49%,10.38,10.03,908600,12/30/25,1725255
AHH,Armada Hoffler Properties Inc,6.7,0.01,0.15%,6.765,6.68,1043200,12/30/25,1569187
AIN,Albany International Corp,51.53,-0.38,-0.73%,52.39,51.245,196600,12/30/25,819793
AIR,AAR Corp,83.52,-0.99,-1.17%,84.96,83.4,242000,12/30/25,1750
AKR,Acadia Realty Trust,20.8,-0.12,-0.57%,21.07,20.79,1759900,12/30/25,899629
AL,Air Lease Corp Cl A,64.26,0.16,0.25%,64.29,64.11,537900,12/30/25,1487712
ALEX,Alexander and Baldwin Inc,20.63,-0.09,-0.43%,20.73,20.62,522600,12/30/25,1545654
ALG,Alamo Group,170.57,-1.77,-1.03%,173,170.54,61200,12/30/25,897077
ALGT,Allegiant Travel Com,86.89,2.24,2.65%,87.45,84.12,231900,12/30/25,1362468
ALKS,Alkermes Plc,27.81,-0.2,-0.71%,28.15,27.66,1230900,12/30/25,1520262
ALRM,Alarm.com,51.77,-0.05,-0.10%,52.12,51.37,212900,12/30/25,1459200
AMN,Amn Healthcare Services Inc,16.03,0.13,0.82%,16.189,15.71,674200,12/30/25,1142750
AMPH,Amphastar Pharma,27,0.21,0.78%,27.16,26.73,251500,12/30/25,1297184
AMR,Alpha Metallurgical Resources Inc,202.11,-3.29,-1.60%,208.02,200.545,118400,12/30/25,1704715
AMSF,Amerisafe Inc,38.48,0.11,0.29%,38.76,37.89,111700,12/30/25,1018979
AMTM,Amentum Holdings Inc,29.3,0.1,0.34%,29.65,28.89,1242500,12/30/25,2011286
AMWD,Amer Woodmark Corp,53.85,-0.7,-1.28%,55.08,53.83,79000,12/30/25,794619
ANDE,Andersons Inc,53.47,-0.16,-0.30%,54.32,53.34,247200,12/30/25,821026
ANGI,Angi Inc,13,0.23,1.80%,13.06,12.59,569300,12/30/25,1705110
ANIP,ANI Pharma Inc,79.42,-1.96,-2.41%,81.5,79.31,584900,12/30/25,1023024
AORT,Artivion Inc,45.99,-0.34,-0.73%,46.24,45.63,175100,12/30/25,784199
AOSL,Alpha and Omega Semi,19.97,-0.14,-0.70%,20.2,19.94,302400,12/30/25,1387467
APAM,Artisan Partners Asset Mgmt,41.03,-0.67,-1.61%,41.7,41.01,242200,12/30/25,1517302
APLE,Apple Hospitality REIT Inc,11.98,-0.06,-0.50%,12.08,11.98,1433600,12/30/25,1418121
APOG,Apogee Entrpr Inc,36.9,0.18,0.49%,37.05,36.31,463600,12/30/25,6845
ARCB,Arcbest Corp,75.5,-1.39,-1.81%,77.31,75.4,220200,12/30/25,894405
ARI,Apollo Commercial Real Estate,9.92,0,0.00%,9.97,9.885,986800,12/30/25,1467760
ARLO,Arlo Technologies Inc,13.9,-0.21,-1.49%,14.14,13.865,635100,12/30/25,1736946
AROC,Archrock Inc,26.25,0.3,1.16%,26.355,25.975,1085200,12/30/25,1389050
ARR,Armour Residential R,17.54,-0.02,-0.11%,17.6,17.465,1686400,12/30/25,1428205
ARWR,Arrowhead Pharma,67.25,-2.37,-3.40%,69.66,65.94,1334600,12/30/25,879407
ASIX,Advansix Inc,17.56,0.38,2.21%,17.685,17.1,369700,12/30/25,1673985
ASO,Academy Sports and Outdoors Inc,49.56,-0.56,-1.12%,50.69,49.36,1444600,12/30/25,1817358
ASTE,Astec Inds Inc,43.96,-1.24,-2.74%,45.22,43.91,343800,12/30/25,792987
ASTH,Astrana Health Inc,24.97,-0.21,-0.83%,25.34,24.94,415300,12/30/25,1083446
ATEN,A10 Networks Inc,17.93,-0.12,-0.66%,18.11,17.93,369000,12/30/25,1580808
ATGE,Adtalem Global Education Inc,104,-0.53,-0.51%,104.735,103.59,322200,12/30/25,730464
AUB,Atlantic Union Bancshares Corp,35.54,-0.62,-1.71%,36.24,35.52,736900,12/30/25,883948
AVA,Avista Corp,38.71,0.08,0.21%,38.75,38.55,368600,12/30/25,104918
AVNS,Avanos Medical Inc,11.3,-0.01,-0.09%,11.46,11.26,427000,12/30/25,1606498
AWI,Armstrong World Industries Inc,192.3,0.15,0.08%,192.78,191.43,328800,12/30/25,7431
AWR,American States Water Company,73.11,0.03,0.04%,73.5,72.9531,103100,12/30/25,1056903
AX,Axos Financial Inc,86.76,-0.83,-0.95%,87.715,86.56,252500,12/30/25,1299709
AXL,American Axle & Manufacturing,6.45,-0.02,-0.31%,6.52,6.415,864200,12/30/25,1062231
AZTA,Azenta Inc,34,-0.68,-1.96%,34.71,33.98,406300,12/30/25,933974
AZZ,Azz Inc,108.89,-0.73,-0.67%,110.145,108.4,114400,12/30/25,8947
BANC,First Pactrust Bancorp,19.44,-0.19,-0.97%,19.73,19.365,1551800,12/30/25,1169770
BANF,Bancfirst Corp,108.06,-0.24,-0.22%,108.81,107.24,88400,12/30/25,760498
BANR,Banner Corp,63.15,-0.9,-1.41%,63.88,63.14,110900,12/30/25,946673
BBT,Beacon Financial Corporation,26.49,-0.14,-0.53%,26.605,26.38,481100,12/30/25,1108134
BCC,Boise Cascade L.L.C.,73.79,-0.74,-0.99%,74.99,73.66,187800,12/30/25,1328581
BCPC,Balchem Corp,154.56,-2.12,-1.35%,156.88,154.52,92500,12/30/25,9326
BDN,Brandywine Realty Trust,2.97,0.05,1.71%,2.97,2.89,4088700,12/30/25,790816
BFH,Bread Financial Hldgs Inc,74.61,-0.57,-0.76%,75.32,74.34,379300,12/30/25,1101215
BFS,Saul Centers,31.57,0.02,0.06%,31.82,31.5,66000,12/30/25,907254
BGC,Bgc Partners Cl A,9.03,-0.06,-0.66%,9.1,9.02,1662400,12/30/25,1094831
BHE,Benchmark Electronics,43.64,-0.82,-1.84%,44.33,43.63,174200,12/30/25,863436
BJRI,Bj's Restaurants Inc,39.29,-0.48,-1.21%,40.05,39.25,278000,12/30/25,1013488
BKE,Buckle Inc,53.7,-0.17,-0.32%,54.23,53.4,356900,12/30/25,885245
BKU,BankUnited Inc,44.62,-0.27,-0.60%,45.15,44.575,441300,12/30/25,1504008
BL,Blackline Inc,57.23,-0.43,-0.75%,57.99,57.14,430400,12/30/25,1666134
BLFS,Biolife Solutions,24.66,-0.46,-1.83%,25.1,24.45,236200,12/30/25,834365
BLMN,Bloomin' Brands Inc,6.21,-0.09,-1.43%,6.32,6.17,2038300,12/30/25,1546417
BMI,Badger Meter,178.23,-1.51,-0.84%,180.98,177.89,124700,12/30/25,9092
BOH,Bank of Hawaii Corp,68.71,-0.5,-0.72%,69.445,68.67,211000,12/30/25,46195
BOOT,Boot Barn Holdings Inc,178.26,-0.12,-0.07%,180.97,176.72,411700,12/30/25,1610250
BOX,Box Inc,30.41,-0.22,-0.72%,30.66,30.325,1601500,12/30/25,1372612
BRC,Brady Corp,79.24,-1.02,-1.27%,80.17,78.96,108500,12/30/25,746598
BTSG,Brightspring Health Services Inc,37.64,-0.2,-0.53%,37.95,37.54,1227600,12/30/25,1865782
BTU,Peabody Energy Corp,29.83,-0.61,-2.00%,31.075,29.74,1109300,12/30/25,1064728
BWA,Borgwarner Inc,45.73,-0.06,-0.13%,45.89,45.475,1262100,12/30/25,908255
BXMT,Blackstone Mortgage Trust Inc Cl A,19.76,0,0.00%,19.8456,19.72,1024100,12/30/25,1061630
CABO,Cable One Inc,118.87,0.95,0.81%,121.01,117.41,112400,12/30/25,1632127
CAKE,Cheesecake Fact,50.01,-0.74,-1.46%,50.85,49.92,1047000,12/30/25,887596
CALM,Cal-Maine Foods IN,80.52,-1.56,-1.90%,81.67,79.24,1653100,12/30/25,16160
CALX,Calix Inc,52.99,-0.44,-0.82%,53.64,52.62,512200,12/30/25,1406666
CARG,Cargurus Inc Cl A,38.15,-0.43,-1.11%,38.68,38.11,394000,12/30/25,1494259
CARS,Cars.com Inc,12.18,-0.39,-3.10%,12.615,12.17,469900,12/30/25,1683606
CASH,Pathward Financial Inc,72.02,-1.01,-1.38%,72.97,71.98,117900,12/30/25,907471
CATY,Cathay Genl Bncp,48.8,-0.65,-1.31%,49.63,48.76,221800,12/30/25,861842
CBRL,Cracker Barrel,25.02,-0.31,-1.22%,25.59,25,1397400,12/30/25,1067294
CBU,Community Financial System Inc,57.89,-0.96,-1.63%,58.85,57.88,133800,12/30/25,723188
CC,Chemours Company,11.82,-0.14,-1.17%,12.055,11.81,1321600,12/30/25,1627223
CCOI,Cogent Comm Hlds,21.86,-0.09,-0.41%,22.59,21.6,1684500,12/30/25,1158324
CCS,Century Communities Inc,60.02,0.35,0.59%,60.235,58.7601,185400,12/30/25,1576940
CE,Celanese Corp,42.8,-0.09,-0.21%,43.2899,42.4,1092100,12/30/25,1306830
CENT,Central Garden,32.28,-0.15,-0.46%,32.71,32.27,42100,12/30/25,887733
CENTA,Central Garden & Pet,29.3,-0.1,-0.34%,29.64,29.24,189600,12/30/25,887733
CENX,Century Aluminum C,39.69,0.65,1.66%,40.83,39.22,1595700,12/30/25,949157
CERT,Certara Inc,8.86,0.01,0.11%,8.94,8.8,1398400,12/30/25,1827090
CEVA,Ceva Inc,21.77,0.26,1.21%,21.8,21.37,346900,12/30/25,1173489
CFFN,Capitol Fed Finl Inc,6.84,-0.17,-2.43%,7.01,6.84,1079000,12/30/25,1490906
CHCO,City Holding Company,122.07,-1.29,-1.05%,123.23,121.78,69700,12/30/25,726854
CHEF,The Chefs Warehouse,62.48,-0.76,-1.20%,63.92,62.1,238600,12/30/25,1517175
CLB,Core Laboratories Inc,16.12,-0.18,-1.10%,16.465,16.12,229500,12/30/25,1958086
CLSK,Cleanspark Inc,10.42,-0.3,-2.80%,10.93,10.4,13217500,12/30/25,827876
CNK,Cinemark Holdings Inc,23.21,0.1,0.43%,23.35,22.595,2277300,12/30/25,1385280
CNMD,C O N M E D Corp,41.14,-0.34,-0.82%,41.62,40.76,612800,12/30/25,816956
CNR,Core Natural Resources Inc,88.63,-0.92,-1.03%,90.8,88.35,460600,12/30/25,1710366
CNS,Cohn & Steers Inc,63.22,-0.77,-1.20%,64.195,63.11,138300,12/30/25,1284812
CNXN,PC Connection Inc,58.42,-0.45,-0.76%,58.71,58.24,45700,12/30/25,1050377
COHU,Cohu Inc,23.73,0.28,1.19%,23.85,23.31,280700,12/30/25,21535
COLL,Collegium Pharma,47.13,-2.35,-4.75%,49.49,46.86,485400,12/30/25,1267565
CON,Concentra Group Holdings Parent Inc,19.96,-0.18,-0.89%,20.3,19.945,537000,12/30/25,2014596
CORT,Corcept Therapeutics,70.19,-9.63,-12.06%,79.75,69.91,2382600,12/30/25,1088856
CPF,Central Pacific Financial Company,31.74,-0.27,-0.84%,32.1525,31.625,136400,12/30/25,701347
CPK,Chesapeake Utilities Corp,125.26,-0.92,-0.73%,126.92,125.25,70900,12/30/25,19745
CPRX,Catalyst Pharm Inc,23.29,-0.77,-3.20%,24.25,23.21,885400,12/30/25,1369568
CRC,California Resources Corp,44.68,-0.03,-0.07%,45.23,44.59,678100,12/30/25,1609253
CRGY,Crescent Energy Company Cl A,8.42,0.08,0.96%,8.555,8.37,5815500,12/30/25,1866175
CRI,Carter's Inc,32.03,0.23,0.72%,32.66,31.72,796700,12/30/25,1060822
CRK,Comstock Resources,23.84,-0.29,-1.20%,24.7,23.83,1817700,12/30/25,23194
CRSR,Corsair Gaming Inc,5.97,0.02,0.34%,6.04,5.93,667600,12/30/25,1743759
CRVL,Corvel Corp,68.26,-0.34,-0.50%,68.61,67.98,104400,12/30/25,874866
CSGS,C S G Sys Intl,76.69,-0.23,-0.30%,76.95,76.63,248200,12/30/25,1005757
CSR,Centerspace,66.51,-0.45,-0.67%,67.5156,65.84,123600,12/30/25,798359
CSW,Csw Industrials Inc,302.09,-3.48,-1.14%,308.43,301.05,93200,12/30/25,1624794
CTKB,Cytek Biosciences Inc,5.04,-0.01,-0.20%,5.12,4.98,596900,12/30/25,1831915
CTRE,Caretrust REIT Inc,36.93,-0.14,-0.38%,37.25,36.79,1044100,12/30/25,1590717
CTS,Cts Corp,43.41,-0.59,-1.34%,44.05,43.32,116700,12/30/25,26058
CUBI,Customers Bancorp,73.4,-1.49,-1.99%,74.97,72.88,283300,12/30/25,1488813
CURB,Curbline Properties Corp,23.3,0.04,0.17%,23.45,23.1,502700,12/30/25,2027317
CVBF,Cvb Financial Corp,18.8,-0.38,-1.98%,19.2,18.8,988500,12/30/25,354647
CVCO,Cavco Inds Inc,599.4,-2.06,-0.34%,607.49,592.63,152700,12/30/25,278166
CVI,Cvr Energy Inc,25.31,-0.7,-2.69%,25.945,25.29,1288200,12/30/25,1376139
CWEN,Clearway Energy Inc Cl C,33.39,-0.2,-0.60%,33.645,33.34,667800,12/30/25,1567683
,,,,,,,,,
CWK,Cushman & Wakefield Ltd,16.42,-0.11,-0.67%,16.63,16.33,789600,12/30/25,1628369
CWT,California Water Service Group Holding,43.57,0.01,0.02%,43.91,43.4612,211900,12/30/25,1035201
CXM,Sprinklr Inc Cl A,7.83,0.03,0.38%,7.895,7.73,1176500,12/30/25,1569345
CXW,Corecivic Inc,19.13,-0.22,-1.14%,19.42,19.085,649100,12/30/25,1070985
CZR,Caesars Entertainment Inc,23.52,-0.51,-2.12%,24.11,23.44,4925900,12/30/25,1590895
DAN,Dana Inc,24.1,0.12,0.50%,24.24,23.72,1305100,12/30/25,26780
DCOM,Dime Community Bancshares Inc,30.42,-0.67,-2.16%,31.13,30.21,289500,12/30/25,846617
DEA,Easterly Government Properties,21.35,0.09,0.42%,21.405,21.25,474500,12/30/25,1622194
DEI,Douglas Emmett,11.22,0.12,1.08%,11.255,11.07,1182100,12/30/25,1364250
DFH,Dream Finders Homes Inc Cl A,17.34,-0.08,-0.46%,17.5,17.13,284200,12/30/25,1825088
DFIN,Donnelly Financial Solutions Inc,47.32,0.27,0.57%,47.86,46.7,231100,12/30/25,1669811
DGII,Digi Intl Inc,44.15,-0.11,-0.25%,44.38,43.85,169000,12/30/25,854775
DIOD,Diodes Inc,49.89,-0.13,-0.26%,50.58,49.89,148500,12/30/25,29002
DLX,Deluxe Corp,22.66,-0.29,-1.26%,23.2901,22.55,225800,12/30/25,27996
DNOW,Dnow Inc,13.45,-0.12,-0.88%,13.675,13.45,1462000,12/30/25,1599617
DOCN,Digitalocean Holdings Inc,48.8,-0.54,-1.09%,49.41,48.2,1199500,12/30/25,1582961
DORM,Dorman Products Inc,125.68,-0.17,-0.14%,128.88,125.01,137500,12/30/25,868780
DRH,Diamondrock Hospitality Company,9.2,0.03,0.33%,9.23,9.15,1425700,12/30/25,1298946
DV,Doubleverify Holdings Inc,11.5,-0.06,-0.52%,11.685,11.4,2816300,12/30/25,1819928
DVAX,Dynavax Technologies,15.37,0,0.00%,15.43,15.37,4467400,12/30/25,1029142
DXC,Dxc Technology Company,14.89,-0.06,-0.40%,15.06,14.855,1378100,12/30/25,1688568
DXPE,Dxp Enterprise,112.06,-3.12,-2.71%,115.07,111.94,83900,12/30/25,1020710
DY,Dycom Industries,342.66,-0.84,-0.24%,346.47,341.7454,298600,12/30/25,67215
EAT,Brinker International,142.78,-0.52,-0.36%,146.5,142.555,1057300,12/30/25,703351
ECG,Everus Construction Group Inc,87.63,-1.19,-1.34%,89.705,87,259400,12/30/25,2015845
ECPG,Encore Capital Group,55.19,-0.12,-0.22%,56,54.8,146900,12/30/25,1084961
EFC,Ellington Financial Llc,13.75,-0.04,-0.29%,13.855,13.73,1440500,12/30/25,1411342
EGBN,Eagle Bancorp Inc,21.1,-0.12,-0.57%,21.37,20.95,285700,12/30/25,1050441
EIG,Employers Holdings Inc,43.42,0.04,0.09%,43.59,43.17,339300,12/30/25,1379041
ELME,Elme Communities,17.4,-0.07,-0.40%,17.545,17.39,911400,12/30/25,104894
EMBC,Embecta Corp,12.07,0.21,1.77%,12.15,11.76,367400,12/30/25,1872789
EMN,Eastman Chemical Company,64.33,0.61,0.96%,64.44,63.475,838100,12/30/25,915389
ENOV,Enovis Corp,27.62,0.54,1.99%,27.81,26.97,673000,12/30/25,1420800
ENPH,Enphase Energy Inc,32.19,-0.94,-2.84%,33.25,32.17,3907600,12/30/25,1463101
ENR,Energizer Holdings Inc,20.02,-0.19,-0.94%,20.3,19.99,642400,12/30/25,1632790
ENVA,Enova International Inc,159.46,-3.4,-2.09%,164.41,159.38,191600,12/30/25,1529864
EPAC,Actuant Corp,39.42,-0.43,-1.08%,40.24,39.36,530500,12/30/25,6955
EPC,Edgewell Personal Care,17.14,-0.24,-1.38%,17.46,17.04,547500,12/30/25,1096752
EPRT,Essential Properties Realty Trust Inc,30.09,0.27,0.91%,30.11,29.72,1896300,12/30/25,1728951
ESE,Esco Technologies Inc,196.92,-2.84,-1.42%,200.33,196.7,143900,12/30/25,866706
ESI,Element Solutions Inc,25.27,-0.24,-0.94%,25.85,25.07,1154100,12/30/25,1590714
ETD,Ethan Allen Interiors Inc,22.78,-0.21,-0.91%,22.99,22.73,219600,12/30/25,896156
ETSY,Etsy Inc,55.36,-1.23,-2.17%,56.5,55.14,2432400,12/30/25,1370637
EVTC,Evertec Inc,29.11,-0.38,-1.29%,29.62,29.105,248700,12/30/25,1559865
EXPI,eXp World Holdings Inc,9.06,-0.2,-2.16%,9.24,9.04,1193700,12/30/25,1495932
EXTR,Extreme Networks,16.89,-0.03,-0.18%,16.95,16.8,718300,12/30/25,1078271
EYE,National Vision Holdings Inc,25.94,-0.62,-2.33%,26.54,25.91,819200,12/30/25,1710155
EZPW,Ezcorp Inc,19.69,-0.2,-1.01%,19.99,19.68,407500,12/30/25,876523
FBK,Fb Financial Corp,56.29,-0.55,-0.97%,56.84,56.29,234600,12/30/25,1649749
FBNC,First Bancorp [Nc],51.47,-0.47,-0.90%,51.93,51.34,134700,12/30/25,811589
FBP,First Bancorp,20.84,-0.19,-0.90%,21.055,20.84,673600,12/30/25,1057706
FBRT,Franklin Bsp Realty Trust Inc,10.44,0.1,0.97%,10.46,10.3039,667300,12/30/25,1562528
FCF,First Commonwealth Financial Corp,16.97,-0.1,-0.59%,17.07,16.9,546100,12/30/25,712537
FCPT,Four Corners Property Trust IN,23.57,0.09,0.38%,23.61,23.45,744400,12/30/25,1650132
FDP,Fresh Del Monte Produce,35.48,-0.3,-0.84%,36.03,35.48,157200,12/30/25,1047340
FELE,Franklin Electric Company,97.19,-0.62,-0.63%,97.92,97,97400,12/30/25,38725
FFBC,First Finl Bncp [Oh],25.25,-0.19,-0.75%,25.47,25.25,671700,12/30/25,708955
FHB,First Hawaiian Inc,25.58,-0.17,-0.66%,25.75,25.56,723300,12/30/25,36377
FIZZ,Natl Beverage Corp,32.19,0,0.00%,32.3,31.85,261500,12/30/25,69891
FMC,FMC Corp,13.98,0.15,1.08%,14.155,13.8,3139800,12/30/25,37785
FORM,Formfactor Inc,57.1,-0.32,-0.56%,58.21,57.02,476300,12/30/25,1039399
FOXF,Fox Factory Corp,17.46,-0.15,-0.85%,17.78,17.39,532000,12/30/25,1424929
FRPT,Freshpet Inc CS,60.13,-2.91,-4.62%,62.83,60,1108600,12/30/25,1611647
FSS,Federal Signal Corp,109.54,-2,-1.79%,111.14,109.515,269000,12/30/25,277509
FTDR,Frontdoor Inc,58.35,-0.11,-0.19%,58.79,58.05,497400,12/30/25,1727263
FTRE,Fortrea Holdings Inc,17.38,0.13,0.75%,17.48,17.08,689000,12/30/25,1965040
FUL,H. B. Fuller Company,60.34,-0.49,-0.81%,61.14,60.22,191800,12/30/25,39368
FULT,Fulton Financial Cor,19.7,-0.12,-0.61%,19.84,19.64,1167400,12/30/25,700564
FUN,Cedar Fair LP,15.02,-0.31,-2.02%,15.4,14.81,3809500,12/30/25,1999001
FWRD,Foward Air Corp,25.29,-0.24,-0.94%,25.76,25.22,327400,12/30/25,912728
GBX,Greenbrier Companies,47.24,0.72,1.55%,47.71,46.23,356000,12/30/25,923120
GDEN,Golden Entmt,27.2,-0.2,-0.73%,27.57,27.17,248600,12/30/25,1071255
GDYN,Grid Dynamics Holdings Inc,9.18,0.01,0.11%,9.27,9.06,518800,12/30/25,1743725
GEO,Geo Group Inc,16.04,-0.46,-2.79%,16.515,16,1347500,12/30/25,923796
GES,Guess Inc,16.75,0,0.00%,16.76,16.75,143700,12/30/25,912463
GFF,Griffon Corp,74.21,-0.9,-1.20%,75.53,74.1,235600,12/30/25,50725
GIII,G-III Apparel Gp,29.73,-0.14,-0.47%,29.96,29.6,237400,12/30/25,821002
GKOS,Glaukos Corp,114.24,-1.31,-1.13%,115.89,114.05,359600,12/30/25,1192448
GNL,Global Net Lease Inc,8.59,0.09,1.06%,8.625,8.51,1489400,12/30/25,1526113
GNW,Genworth Financial Inc,9.1,0.03,0.33%,9.12,9.05,1454800,12/30/25,1276520
GO,Grocery Outlet Holding Corp,10.16,-0.04,-0.39%,10.52,10.13,4074300,12/30/25,1771515
GOGO,Gogo Inc,4.73,0.05,1.07%,4.77,4.63,1648200,12/30/25,1537054
GOLF,Acushnet Holdings Corp,81.89,-0.87,-1.05%,83.6899,81.83,223400,12/30/25,1672013
GPI,Group 1 Automotive,399.8,-3.19,-0.79%,402.63,398.82,90400,12/30/25,1031203
GRBK,Green Brick Partners,63.09,-0.69,-1.08%,64.1,62.7,205300,12/30/25,1373670
GSHD,Goosehead Insurance Inc Cl A,74.57,-0.67,-0.89%,75.66,72.96,129700,12/30/25,1726978
GTES,Gates Industrial Corp Plc,21.82,-0.01,-0.05%,22.03,21.79,1025000,12/30/25,1718512
GTY,Getty Realty Corp,27.33,0,0.00%,27.45,27.26,394800,12/30/25,1052752
GVA,Granite Construction Incorporated,116.77,-1.33,-1.13%,118.26,116.53,570900,12/30/25,861459
HAFC,Hanmi Financial Corp,27.24,-0.27,-0.98%,27.54,27.21,220900,12/30/25,1109242
HASI,Ha Sustainable Infrastructure Capital Inc,31.97,-0.39,-1.21%,32.46,31.87,773200,12/30/25,1561894
HAYW,Hayward Holdings Inc,15.75,-0.04,-0.25%,15.895,15.69,1057700,12/30/25,1834622
HCC,Warrior Met Coal Inc,88.66,-0.5,-0.56%,90.7999,88.24,434800,12/30/25,1691303
HCI,HCI Group,191.53,-1.29,-0.67%,193.98,190.81,83400,12/30/25,1400810
HCSG,Healthcare Svcs Gp,19.79,-0.08,-0.40%,19.87,19.63,406100,12/30/25,731012
HELE,Helen of Troy Ltd,21.27,0.17,0.81%,21.45,20.95,440300,12/30/25,916789
HFWA,Heritage Financial,23.93,-0.41,-1.68%,24.42,23.82,234400,12/30/25,1046025
HI,Hillenbrand Inc,31.73,0.02,0.06%,31.74,31.71,301500,12/30/25,1417398
HIW,Highwoods Properties,26.05,0.12,0.46%,26.08,25.745,916100,12/30/25,921082
HL,Hecla Mining Company,19.49,0.29,1.51%,19.936,19.195,17505900,12/30/25,719413
HLIT,Harmonic Inc,9.95,-0.04,-0.40%,10.02,9.92,540500,12/30/25,851310
HLX,Helix Energy Solutions Group,6.3,0.02,0.32%,6.38,6.3,1544500,12/30/25,866829
HMN,Horace Mann Educators Corp,46.43,-0.14,-0.30%,46.78,46.2,163700,12/30/25,850141
HNI,Hon Industries Inc,42.44,-0.3,-0.70%,42.85,42.31,405900,12/30/25,48287
HOPE,Hope Bancorp Inc,11.05,-0.15,-1.34%,11.19,11.05,705700,12/30/25,1128361
HP,Helmerich & Payne,28.93,0.37,1.30%,29.23,28.7,970400,12/30/25,46765
HRMY,Harmony Biosciences Holdings Inc,37.64,-0.27,-0.71%,38,37.24,457100,12/30/25,1802665
HSTM,Healthstream Inc,23.27,0.05,0.22%,23.45,23.2,145600,12/30/25,1095565
HTH,Hilltop Holdings Inc,34.14,-0.31,-0.90%,34.52,34.11,184200,12/30/25,1265131
HTLD,Heartland Express,9.19,-0.04,-0.43%,9.35,9.13,509700,12/30/25,799233
HTO,H2O America,49.26,0.37,0.76%,50.17,48.71,373200,12/30/25,766829
HTZ,Hertz Global Holdings Inc,5.24,-0.04,-0.76%,5.28,5.16,3926200,12/30/25,1657853
HUBG,Hub Group Inc A,43.12,-0.59,-1.35%,43.75,43.09,599300,12/30/25,940942
HWKN,Hawkins Inc,143.63,-3.63,-2.47%,148.02,141.8,290900,12/30/25,46250
HZO,Marinemax Inc,24.34,-0.03,-0.12%,24.56,24.15,205300,12/30/25,1057060
IAC,Iac Inc,39.59,-0.45,-1.12%,40.24,39.58,830000,12/30/25,1800227
IART,Integra Lifesciences,12.68,0.07,0.56%,12.75,12.37,510600,12/30/25,917520
IBP,Installed Building Products,264.47,-2.03,-0.76%,268,262.21,243800,12/30/25,1580905
ICHR,Ichor Holdings Ltd,18.98,-0.02,-0.11%,19.37,18.87,504400,12/30/25,1652535
ICUI,I C U Medical Inc,144.63,-2.6,-1.77%,147.18,144.61,144200,12/30/25,883984
IDCC,Interdigital Inc,325.11,-5.15,-1.56%,331.61,323.71,154500,12/30/25,1405495
IIIN,Insteel Industries,32.28,0.08,0.25%,32.41,32.12,103600,12/30/25,764401
IIPR,Innovative Industrial Properties,49.82,-0.03,-0.06%,50.27,49.1,666200,12/30/25,1677576
INDB,Independent Bk Corp,73.75,-0.94,-1.26%,74.69,73.62,169800,12/30/25,776901
INN,Summit Hotel Properties,4.88,-0.01,-0.20%,4.93,4.87,381100,12/30/25,1497645
INSP,Inspire Medical Systems Inc,92.57,-1.1,-1.17%,93.98,90.6401,1118800,12/30/25,1609550
INSW,International Seaways Inc,48.36,-0.79,-1.61%,49.45,48.26,280600,12/30/25,1679049
INVA,Innoviva Inc,19.89,0.17,0.86%,19.99,19.63,927400,12/30/25,1080014
INVX,Innovex International Inc,22.06,-0.14,-0.63%,22.41,22.05,177600,12/30/25,1042893
IOSP,Innospec Inc,78.14,-0.42,-0.53%,79.18,77.56,121400,12/30/25,1054905
IPAR,Interparfums Inc,84.64,-0.03,-0.04%,85.36,84.16,209000,12/30/25,822663
ITGR,Integer Holdings Corp,78.34,-0.19,-0.24%,79.13,78.11,343100,12/30/25,1114483
ITRI,Itron Inc,94.23,-0.87,-0.91%,95.33,94.16,385800,12/30/25,780571
JBGS,Jbg Smith Properties,17.07,0.225,1.34%,17.15,16.73,403500,12/30/25,1689796
JBLU,Jetblue Airways Corp,4.59,0.06,1.32%,4.7,4.51,17264801,12/30/25,1158463
JBSS,John B Sanfilippo,71.37,0.11,0.15%,72.68,70.87,39700,12/30/25,880117
JBTM,Jbt Marel Corporation,153.4,-1.97,-1.27%,156.1,153.09,311200,12/30/25,1433660
JJSF,J J Snack Foods,89.79,-0.85,-0.94%,91.37,89.76,132600,12/30/25,785956
JOE,St. Joe Company,60.01,0.52,0.87%,60.475,58.95,141800,12/30/25,745308
JXN,Jackson Financial Inc Cl A,107.56,-0.1,-0.09%,108.06,107.04,227700,12/30/25,1822993
KAI,Kadant Inc,295.42,1.81,0.62%,298.37,291.18,234100,12/30/25,886346
KALU,Kaiser Aluminum,118.11,0.23,0.20%,119.13,117.56,174600,12/30/25,811596
KFY,Korn/Ferry International,66.87,-0.19,-0.28%,67.61,66.505,296600,12/30/25,56679
KGS,Kodiak Gas Services Inc,37.37,0.55,1.49%,37.44,36.755,1378400,12/30/25,1767042
KLIC,Kulicke and Soffa,46.38,0.09,0.19%,46.53,46.01,221300,12/30/25,56978
KMT,Kennametal Inc,28.65,-0.14,-0.49%,28.99,28.47,527100,12/30/25,55242
KMX,Carmax Inc,39.31,0.14,0.36%,39.57,38.781,2578500,12/30/25,1170010
KN,Knowles Corp,21.6,-0.01,-0.05%,21.785,21.38,537000,12/30/25,1587523
KNTK,Kinetik Holdings Inc,35.98,0.19,0.53%,36.37,35.72,725000,12/30/25,1692787
KOP,Koppers Holdings Inc,27.35,0.06,0.22%,27.6,27.01,115600,12/30/25,1315257
KREF,KKR Real Estate Finance Trust Inc,8.47,-0.01,-0.12%,8.53,8.415,942600,12/30/25,1631596
KRYS,Krystal Biotech Inc,247.88,-5.8,-2.29%,256,246.9,228600,12/30/25,1711279
KSS,Kohl's Corp,20.35,-0.52,-2.49%,20.93,20.25,3322300,12/30/25,885639
KTB,Kontoor Brands Inc,61.6,-0.57,-0.92%,62.3,61.4,426600,12/30/25,1760965
KW,Kennedy-Wilson Holdings Inc,9.78,0,0.00%,9.82,9.75,558300,12/30/25,1408100
KWR,Quaker Chemical Corp,138.98,-4.47,-3.12%,143.4,138.45,143200,12/30/25,81362
LBRT,Liberty Energy Inc,18.69,0.32,1.74%,18.989,18.5,2607600,12/30/25,1694028
LCII,Lci Industries,122.89,-0.82,-0.66%,123.84,122.74,119200,12/30/25,763744
LEG,Leggett & Platt Inc,10.94,-0.07,-0.64%,11.05,10.84,1328600,12/30/25,58492
LGIH,LGI Homes Inc,43.37,0.14,0.32%,43.69,42.52,622400,12/30/25,1580670
LGND,Ligand Pharm,190.2,-4.96,-2.54%,195.3,188.66,230800,12/30/25,886163
LKFN,Lakeland Finl Corp,57.4,-1.03,-1.76%,58.26,57.32,187600,12/30/25,721994
LMAT,Lemaitre Vascular,83.01,0.05,0.06%,83.28,81.93,195600,12/30/25,1158895
LNC,Lincoln National Corp,44.91,-0.52,-1.14%,45.66,44.87,1189700,12/30/25,59558
LNN,Lindsay Corp,118.87,0.38,0.32%,119.56,118.17,64700,12/30/25,836157
LPG,Dorian Lpg Ltd,23.93,-0.24,-0.99%,24.36,23.91,390200,12/30/25,1596993
LQDT,Liquidity Services,31.41,-0.27,-0.85%,32.18,31.36,192400,12/30/25,1235468
LRN,Stride Inc,65.51,-1.08,-1.62%,66.65,65.5,856700,12/30/25,1157408
LTC,Ltc Properties,34.63,0.07,0.20%,34.687,34.41,380500,12/30/25,887905
LUMN,Lumen Technologies Inc,7.82,0.27,3.58%,7.82,7.59,7899000,12/30/25,18926
LXP,Lxp Industrial Trust,50.4,0.3,0.60%,50.495,50.07,486400,12/30/25,910108
LZB,La-Z-Boy Inc,37.75,-0.03,-0.08%,37.915,37.57,536300,12/30/25,57131
MAC,Macerich Company,18.58,-0.11,-0.59%,18.78,18.55,1003600,12/30/25,912242
MAN,Manpower Inc,30.27,0.12,0.40%,30.6,30.1,693300,12/30/25,871763
MARA,Mara Holdings Inc,9.33,-0.16,-1.69%,9.66,9.31,28454699,12/30/25,1507605
MATW,Matthews Intl Corp,26.47,-0.29,-1.08%,27.06,26.47,108900,12/30/25,63296
MATX,Matson Inc,124.33,-0.87,-0.69%,125.39,123.9,176300,12/30/25,3453
MBC,Masterbrand Inc,11.04,-0.13,-1.16%,11.265,11.03,932900,12/30/25,1941365
MC,Moelis,70.46,-1.09,-1.52%,71.52,70.18,499900,12/30/25,1596967
MCRI,Monarch Casino,96.48,-0.72,-0.74%,97.3,96.35,62100,12/30/25,907242
MCW,Mister Car Wash Inc,5.62,-0.08,-1.40%,5.72,5.61,727000,12/30/25,1853513
MCY,Mercury General Corp,94.11,0.04,0.04%,94.42,93.5571,127800,12/30/25,64996
MD,Pediatrix Medical Group Inc,21.82,-0.07,-0.32%,21.935,21.68,445300,12/30/25,893949
MDU,Mdu Res Group Inc,19.74,-0.04,-0.20%,19.915,19.72,1456900,12/30/25,67716
MGEE,Mge Energy Inc,78.75,-0.02,-0.03%,78.86,77.92,92200,12/30/25,1161728
MGPI,MGP Ingredients Inc,24.44,0.27,1.12%,24.51,23.95,247700,12/30/25,835011
MGY,Magnolia Oil & Gas Corp,22.07,0.12,0.55%,22.28,22.06,1429200,12/30/25,1698990
MHO,M/I Homes,128.91,0.25,0.19%,129.89,127.43,120600,12/30/25,799292
MIR,Mirion Technologies Inc,23.7,-0.07,-0.29%,24.09,23.62,1187400,12/30/25,1809987
MKTX,Marketaxess Holdings,182.51,-1.34,-0.73%,184.39,182.39,285300,12/30/25,1278021
MLKN,Millerknoll Inc,18.47,0.06,0.33%,18.47,18.24,481800,12/30/25,66382
MMI,Marcus & Millichap,27.37,-0.17,-0.62%,27.65,27.36,176400,12/30/25,1578732
MMSI,Merit Medical Sys,88.56,0.34,0.39%,88.87,87.75,308000,12/30/25,856982
MNRO,Monro Muffler Brak,20.34,-0.03,-0.15%,20.69,20.29,621700,12/30/25,876427
MODG,Topgolf Callaway Brands Corp,11.96,0.13,1.10%,12,11.76,1649400,12/30/25,837465
MOG.A,Moog Inc Cl A,246.22,-3.26,-1.31%,250.245,246.03,152800,12/30/25,67887
MPW,Medical Properties Trust,5.06,-0.03,-0.59%,5.155,5.04,4653000,12/30/25,1287865
MRCY,Mercury Sys Inc,73.85,-1.08,-1.44%,76.5,73.11,481700,12/30/25,1049521
MRP,Millrose Properties Inc,30.02,0.12,0.40%,30.065,29.73,1511100,12/30/25,2017206
MRTN,Marten Transport L,11.49,-0.14,-1.20%,11.65,11.4,372100,12/30/25,799167
MSEX,Middlesex Water Company,50.94,-0.46,-0.89%,51.89,50.92,85100,12/30/25,66004
MSGS,Madison Square Garden Sports Corp,259.74,1.79,0.69%,260.98,257.28,119200,12/30/25,1636519
MTH,Meritage Corp,66.39,-0.02,-0.03%,66.68,65.3301,574900,12/30/25,833079
MTRN,Materion Corp,126.6,-0.18,-0.14%,127.92,125.91,73200,12/30/25,1104657
MTUS,Metallus Inc,17.33,-0.22,-1.25%,17.64,17.31,200100,12/30/25,1598428
MTX,Minerals Technologies Inc,61.56,-0.58,-0.93%,62.64,61.11,155600,12/30/25,891014
MWA,Mueller Water Products,24.28,-0.31,-1.26%,24.655,24.26,754900,12/30/25,1350593
MXL,Maxlinear Inc,17.7,0.12,0.68%,17.9,17.62,543400,12/30/25,1288469
MYGN,Myriad Genetics Inc,6.17,-0.14,-2.22%,6.3,6.15,484700,12/30/25,899923
MYRG,MYR Group Inc,219.16,-3.31,-1.49%,231,218.58,163700,12/30/25,700923
NABL,N-Able Inc,7.54,0.11,1.48%,7.6197,7.44,633400,12/30/25,1834488
NATL,NCR Atleos Corporation,38.75,-0.17,-0.44%,39.12,38.66,341100,12/30/25,1974138
NAVI,Navient Corp,12.91,0.05,0.39%,12.96,12.84,655100,12/30/25,1593538
NBHC,National Bank Holdings Corp,38.21,-0.3,-0.78%,38.45,38.175,148200,12/30/25,1475841
NBTB,NBT Bancorp Inc,41.71,-0.59,-1.39%,42.29,41.65,148100,12/30/25,790359
NE,Noble Corp Plc,28.38,0.06,0.21%,28.81,28.35,1134900,12/30/25,1895262
NEO,Neogenomics Inc,12.23,-0.07,-0.57%,12.42,12.02,1150900,12/30/25,1077183
NEOG,Neogen Corp,7.05,-0.17,-2.35%,7.21,6.99,1955300,12/30/25,711377
NGVT,Ingevity Corp,59.3,-0.18,-0.30%,60.16,59.28,190100,12/30/25,1653477
NHC,National Healthcare Corp,138.41,-0.36,-0.26%,139.53,137.07,60800,12/30/25,1047335
NMIH,Nmi Holdings Inc,41.21,-0.2,-0.48%,41.49,41.16,200000,12/30/25,1547903
NOG,Northern Oil and Gas,21.63,0.18,0.84%,21.99,21.63,1429600,12/30/25,1104485
NPK,National Presto Industries,106.8,-1.14,-1.06%,111.615,106.59,58500,12/30/25,80172
NPO,Enpro Inc,218.93,-1.44,-0.65%,221.46,217.835,150200,12/30/25,1164863
NSIT,Insight Enterpr,82.94,-0.72,-0.86%,84.68,82.39,260200,12/30/25,932696
NTCT,Netscout Systems,27.35,-0.22,-0.80%,27.59,27.34,333500,12/30/25,1078075
NVRI,Enviri Corporation,18,0.04,0.22%,18.17,17.9125,739000,12/30/25,45876
NWBI,Northwest Bancshares,12.1,-0.13,-1.06%,12.25,12.1,642000,12/30/25,1471265
NWL,Newell Rubbermaid Inc,3.78,-0.02,-0.53%,3.86,3.78,4167200,12/30/25,814453
NWN,Northwest Natural Gas Company,46.89,-0.24,-0.51%,47.26,46.885,157000,12/30/25,1733998
NX,Quanex Building Products Corp,15.53,0.04,0.26%,15.715,15.37,747000,12/30/25,1423221
NXRT,Nexpoint Residential Trust Inc,30.1,0.83,2.84%,30.33,29.2315,297700,12/30/25,1620393
OFG,OFG Bancorp,41.16,-0.4,-0.96%,41.52,41.125,132000,12/30/25,1030469
OGN,Organon & Co.,7.13,0.02,0.28%,7.23,7.1,4437200,12/30/25,1821825
OI,O-I Glass Inc,14.85,-0.12,-0.80%,15.01,14.85,1920900,12/30/25,812074
OII,Oceaneering International,24.31,0.17,0.70%,24.63,24.27,734400,12/30/25,73756
OMCL,Omnicell Inc,45.92,-0.22,-0.48%,46.32,45.67,404100,12/30/25,926326
OSIS,O S I Systems Inc,262.95,-7.21,-2.67%,272.83,261.32,358200,12/30/25,1039065
OTTR,Otter Tail Corp,82.55,-0.09,-0.11%,83.05,82.4,134900,12/30/25,1466593
OUT,Outfront Media Inc,24.17,0.14,0.58%,24.22,23.955,774800,12/30/25,1579877
OXM,Oxford Industries,33.6,-0.15,-0.44%,33.88,33.27,251900,12/30/25,75288
PAHC,Phibro Anl Htlh A,37.51,-0.22,-0.58%,37.88,37.05,247600,12/30/25,1069899
PARR,Par Pacific Holdings Inc,35.53,0.11,0.31%,36.68,35.405,781400,12/30/25,821483
PATK,Patrick Inds Inc,111.35,-0.46,-0.41%,112.52,110.86,184800,12/30/25,76605
PAYO,Payoneer Global Inc,5.71,0.02,0.35%,5.74,5.62,2652500,12/30/25,1845815
PBH,Prestige Brand Holdings,62.25,-1.46,-2.29%,63.55,61.99,353500,12/30/25,1295947
PBI,Pitney Bowes Inc,10.65,-0.05,-0.47%,10.74,10.63,1477000,12/30/25,78814
PCRX,Pacira Pharm Inc,26.07,0.01,0.04%,26.2,25.86,476200,12/30/25,1396814
PDFS,Pdf Solutions Inc,29.65,-0.11,-0.37%,29.88,29.34,237200,12/30/25,1120914
PEB,Pebblebrook Hotel Trust,11.48,0,0.00%,11.6,11.41,898300,12/30/25,1474098
PECO,Phillips Edison & Company Inc,35.87,-0.13,-0.36%,36.29,35.84,1250100,12/30/25,1476204
PENG,Penguin Solutions Inc,20.03,0.03,0.15%,20.12,19.89,705100,12/30/25,1616533
PENN,Penn Entertainment Inc,14.78,-0.11,-0.74%,15.03,14.72,2920900,12/30/25,921738
PFBC,Preferred Bank LA,98.09,-0.95,-0.96%,99.02,97.52,88700,12/30/25,1492165
PFS,Provident Financial Services,19.89,-0.36,-1.78%,20.25,19.87,458700,12/30/25,1178970
PGNY,Progyny Inc,25.84,0.22,0.86%,25.98,25.39,1035500,12/30/25,1551306
PHIN,Borgwarner Inc,63.33,1.68,2.73%,63.68,61.53,497100,12/30/25,1968915
PI,Impinj Inc,168.6,-2.99,-1.74%,173.56,168.03,228600,12/30/25,1114995
PIPR,Piper Jaffray Companies,342.96,-5.79,-1.66%,349.1799,342.0101,103800,12/30/25,1230245
PJT,Pjt Partners Inc Cl A,169.68,-1.3,-0.76%,170.26,168.46,190600,12/30/25,1626115
PLAB,Photronics Inc,33.7,0.73,2.21%,33.95,33,926500,12/30/25,810136
PLAY,Dave & Buster's Entertainment,15.94,-0.02,-0.13%,16.08,15.71,823300,12/30/25,1525769
PLMR,Palomar Holdings Inc,134.92,-0.46,-0.34%,135.45,134.34,111400,12/30/25,1761312
PLUS,Eplus Inc,88.6,-0.95,-1.06%,89.27,88.19,84600,12/30/25,1022408
PLXS,Plexus Corp,149.58,-1.71,-1.13%,151.37,147.62,89500,12/30/25,785786
PMT,Pennymac Mortgage Investment Trust,12.57,0.04,0.32%,12.64,12.53,611900,12/30/25,1464423
POWL,Powell Inds Inc,327.47,-8.41,-2.50%,337.89,327,94600,12/30/25,80420
PRA,Pro-Assurance Corp,24.08,0.04,0.17%,24.17,24.02,262600,12/30/25,1127703
PRAA,Pra Group Inc,17.72,0.01,0.06%,17.81,17.52,162900,12/30/25,1185348
PRDO,Perdoceo Education Corp,29.84,0.02,0.07%,29.98,29.73,371000,12/30/25,1046568
PRG,Prog Hldgs Inc,30.27,-0.24,-0.79%,30.485,30.24,367900,12/30/25,1808834
PRGS,Progress Software,43.45,-0.15,-0.34%,43.74,43.38,251600,12/30/25,876167
PRK,Park National Corp,153.38,-2.53,-1.62%,155.77,153,55800,12/30/25,805676
PRKS,United Parks & Resorts Inc,36.36,0.05,0.14%,36.45,35.915,683400,12/30/25,1564902
PRLB,Proto Labs Inc,51.63,-0.68,-1.30%,52.7816,51.63,48800,12/30/25,1443669
PRSU,Pursuit Attractions and Hospitality Inc,33.46,-0.23,-0.68%,34.12,33.355,179600,12/30/25,884219
PRVA,Privia Health Group Inc,23.86,0,0.00%,24,23.68,513600,12/30/25,1759655
PSMT,Pricesmart Inc,122.98,-0.83,-0.67%,124.68,122.98,129100,12/30/25,1041803
PTCT,Ptc Therapeutics,76.19,-1.45,-1.87%,77.93,75.58,679400,12/30/25,1070081
PTEN,Patterson-Uti Energy,6.08,0.15,2.53%,6.15,5.97,9860199,12/30/25,889900
PTGX,Protagonist Therapeutics Inc,87.26,-0.67,-0.76%,88.32,86.12,343900,12/30/25,1377121
PZZA,Papa John's Intl,39,-0.32,-0.81%,39.75,38.77,503900,12/30/25,901491
QDEL,Quidelortho Corp,29.3,0,0.00%,29.47,29.01,398800,12/30/25,1906324
QNST,Quinstreet Inc,14.38,-0.05,-0.35%,14.53,14.32,244100,12/30/25,1117297
QRVO,Qorvo Inc,85.81,0.35,0.41%,85.9,85.28,555300,12/30/25,1604778
QTWO,Q2 Holdings Inc,73.44,-0.93,-1.25%,74.4499,73.02,515700,12/30/25,1410384
RAL,Ralliant Corporation,51.22,-0.03,-0.06%,51.31,50.67,887600,12/30/25,2041385
RAMP,Liveramp Holdings Inc,29.8,0.06,0.20%,30.01,29.66,308300,12/30/25,733269
RC,Ready Capital Corp,2.17,-0.02,-0.91%,2.21,2.15,3924400,12/30/25,1527590
RCUS,Arcus Biosciences Inc,23.23,-0.1,-0.43%,23.52,22.6,2070100,12/30/25,1724521
RDN,Radian Group Inc,36.29,0.01,0.03%,36.325,36.01,524600,12/30/25,890926
RDNT,Radnet Inc,71.49,-1.32,-1.81%,72.79,71.4,497600,12/30/25,790526
RES,RPC Inc,5.47,0.05,0.92%,5.535,5.45,1335000,12/30/25,742278
REX,Rex American Resources Corp,32.73,-0.54,-1.62%,33.79,32.72,189500,12/30/25,744187
REYN,Reynolds Consumer Products Inc,23.2,-0.08,-0.34%,23.3,23.06,636600,12/30/25,1786431
REZI,Resideo Technologies Inc,35.39,-0.35,-0.98%,35.88,35.325,600400,12/30/25,1740332
RGR,Sturm Ruger & Company,32.56,-0.02,-0.06%,32.89,32.15,250800,12/30/25,95029
RHI,Robert Half Inc,27.5,-0.11,-0.40%,27.9,27.4201,1144300,12/30/25,315213
RHP,Ryman Hospitality Properties REIT,96.87,-0.1,-0.10%,97.455,96.57,296300,12/30/25,1040829
RNST,Renasant Corp,35.47,-0.4,-1.12%,35.9,35.44,310000,12/30/25,715072
ROCK,Gibraltar Ind Inc,49.95,-0.33,-0.66%,50.93,49.68,173600,12/30/25,912562
ROG,Rogers Corp,93.55,-0.28,-0.30%,94.185,93.0825,75000,12/30/25,84748
RRR,Red Rock Resorts Inc,63.03,0.27,0.43%,63.29,62.49,618000,12/30/25,1653653
RUN,Sunrun Inc,19.09,-0.64,-3.24%,19.89,19.03,4335800,12/30/25,1469367
RUSHA,Rush Enterprises  Cl A,54.81,-0.52,-0.94%,55.75,54.6,274800,12/30/25,1012019
RWT,Redwood Trust,5.53,0.03,0.55%,5.61,5.48,1346400,12/30/25,930236
RXO,Rxo Inc,12.7,0.13,1.03%,12.865,12.49,2498700,12/30/25,1929561
SABR,Sabre Corp,1.34,-0.01,-0.74%,1.37,1.33,4017200,12/30/25,1597033
SAFE,Safehold Inc,13.6,0.017,0.13%,13.66,13.4879,548400,12/30/25,1095651
SAFT,Safety Ins Group Inc,78.71,-0.12,-0.15%,79.17,78.28,46500,12/30/25,1172052
SAH,Sonic Automotive,62.85,-0.89,-1.40%,63.61,62.65,86300,12/30/25,1043509
SANM,Sanmina Corp,152.03,-1.73,-1.13%,155.43,151.84,466000,12/30/25,897723
SBCF,Seacoast Banking Corp,31.41,-0.49,-1.54%,31.95,31.39,418800,12/30/25,730708
SBH,Sally Beauty Holdings,14.43,0.32,2.27%,14.55,14.03,1532100,12/30/25,1368458
SBSI,Southside Bancshares,30.89,-0.36,-1.15%,31.19,30.835,89800,12/30/25,705432
SCHL,Scholastic Corp,29.53,-1.29,-4.19%,30.99,29.46,484000,12/30/25,866729
SCL,Stepan Company,47.37,0.16,0.34%,47.7699,46.753,108800,12/30/25,94049
SCSC,Scansource Inc,39.54,-0.3,-0.75%,39.93,39.52,99700,12/30/25,918965
SCVL,Shoe Carnival Inc,17.45,0.04,0.23%,17.48,17.2,520400,12/30/25,895447
SDGR,Schrodinger Inc,17.8,-0.04,-0.22%,18,17.71,642800,12/30/25,1490978
SEDG,Solaredge Tech,29.02,-0.17,-0.58%,29.86,28.93,2116800,12/30/25,1419612
SEE,Sealed Air Corp,41.53,0.08,0.19%,41.54,41.45,1211100,12/30/25,1012100
SEM,Select Medical Holdings Corp,14.95,0.06,0.40%,15,14.74,643900,12/30/25,1320414
SFBS,Servisfirst Bancs,72.42,-0.79,-1.08%,73.23,72.365,151300,12/30/25,1430723
SFNC,Simmons First Natl,18.95,-0.1,-0.52%,19.18,18.92,710900,12/30/25,90498
SHAK,Shake Shack Inc,79.95,-1.97,-2.40%,82.2,79.55,2040600,12/30/25,1620533
SHEN,Shenandoah Telecom,11.62,0.09,0.78%,11.84,11.46,228700,12/30/25,354963
SHO,Sunstone Hotel Investors,9.11,-0.01,-0.11%,9.1599,9.085,1022800,12/30/25,1295810
SHOO,Steven Maddens Ltd,42.19,-0.41,-0.96%,42.81,42.12,632200,12/30/25,913241
SIG,Signet Jewelers Ltd,83.04,-1.51,-1.79%,84.71,81.56,556500,12/30/25,832988
SITC,Site Centers Corp,6.43,-0.04,-0.62%,6.495,6.42,939200,12/30/25,894315
SITM,Sitime Corp,363.77,-5.44,-1.47%,370.68,361.06,166500,12/30/25,1451809
SKT,Tanger Inc,34.06,0.14,0.41%,34.1,33.65,677500,12/30/25,899715
SKY,Champion Homes Inc,85.41,-0.33,-0.38%,86.145,84.725,268500,12/30/25,90896
SKYW,Skywest Inc,101.03,0.4,0.40%,101.49,99.97,280100,12/30/25,793733
SLG,SL Green Realty Corp,46.22,-0.39,-0.84%,46.7099,45.83,786300,12/30/25,1040971
SLVM,Sylvamo Corp,48.29,-0.07,-0.14%,48.72,47.775,195400,12/30/25,1856485
SM,Sm Energy Company,18.78,0.04,0.21%,19.155,18.78,1776200,12/30/25,893538
SMP,Standard Motor Products,37.1,-0.08,-0.22%,37.455,36.93,93000,12/30/25,93389
SMPL,The Simply Good Foods Company,19.85,-0.14,-0.70%,20.18,19.65,2680300,12/30/25,1702744
SMTC,Semtech Corp,75.16,-0.6,-0.79%,76.57,75,512900,12/30/25,88941
SNCY,Sun Country Airlines Holdings Inc,14.39,0.02,0.14%,14.59,14.24,751900,12/30/25,1743907
SNDR,Schneider National Inc,26.85,-0.48,-1.76%,27.3,26.84,637800,12/30/25,1692063
SNEX,Stonex Group Inc,97.62,-1.66,-1.67%,99.8,95.48,206100,12/30/25,913760
SONO,Sonos Inc,17.73,0.05,0.28%,17.94,17.59,944900,12/30/25,1314727
SPNT,Siriuspoint Ltd,22.06,-0.13,-0.59%,22.39,22.03,255300,12/30/25,1576018
SPSC,Sps Commerce Inc,90.81,-0.96,-1.05%,92.14,90.73,278200,12/30/25,1092699
SPXC,SPX Corp,203.51,-2.15,-1.05%,206.155,203.12,315700,12/30/25,88205
SRPT,Sarepta Therapeutics,21.49,-0.33,-1.51%,21.91,21.4,2088100,12/30/25,873303
SSTK,Shutterstock Inc,18.85,0.59,3.23%,19.15,18.26,148000,12/30/25,1549346
STAA,Staar Surgical Company,23.21,-0.17,-0.73%,23.49,23.09,516800,12/30/25,718937
STBA,S&T Bancorp Inc,39.57,-0.56,-1.40%,40.1,39.57,106300,12/30/25,719220
STC,Stewart Information Services Corp,70.27,-0.54,-0.76%,71.2575,69.83,249700,12/30/25,94344
STEL,Stellar Bancorp Inc,30.71,-0.28,-0.90%,31.11,30.67,227100,12/30/25,1473844
STEP,Stepstone Group Inc Cl A,64.59,-0.78,-1.19%,65.63,64.42,345100,12/30/25,1796022
STRA,Strategic Education,81.12,0.28,0.35%,81.53,80.51,113500,12/30/25,1013934
SUPN,Supernus Pharm,49.89,-1.36,-2.65%,51.41,49.69,367600,12/30/25,1356576
SXC,Suncoke Energy Inc,7.22,0.07,0.98%,7.28,7.195,1100300,12/30/25,1514705
SXI,Standex International Corp,222.26,-4.39,-1.94%,226.75,221.92,124400,12/30/25,310354
SXT,Sensient Technologies Corp,94.44,-0.81,-0.85%,95.23,94.23,113400,12/30/25,310142
TALO,Talos Energy Inc,11.2,0.11,0.99%,11.313,11.17,1225400,12/30/25,1724965
TBBK,The Bancorp Inc,68.25,-0.61,-0.89%,68.9,68.23,335800,12/30/25,1295401
TDC,Teradata Corp,30.89,0.15,0.49%,30.93,30.6,820800,12/30/25,816761
TDS,Telephone and Data Systems,40.89,0.26,0.64%,41.06,40.305,594200,12/30/25,1051512
TDW,Tidewater Inc,50.75,0.29,0.57%,51.39,50.5275,495600,12/30/25,98222
TFIN,Triumph Financial Inc,62.92,-0.62,-0.98%,63.59,62.245,187600,12/30/25,1539638
TFX,Teleflex Inc,121.62,-1.14,-0.93%,123.32,121.42,331600,12/30/25,96943
TGNA,Tegna Inc,19.45,0.12,0.62%,19.48,19.31,744600,12/30/25,39899
TGTX,Tg Therapeutics,29.75,-0.78,-2.55%,30.56,29.68,1591200,12/30/25,1001316
THRM,Gentherm Inc,37.49,0.14,0.37%,37.57,36.87,169100,12/30/25,903129
THRY,Thryv Holdings Inc,6.1,-0.03,-0.49%,6.28,6.08,792300,12/30/25,1556739
THS,Treehouse Foods,23.69,0.01,0.04%,23.82,23.67,663000,12/30/25,1320695
TILE,Interface Inc,28.87,0.23,0.80%,28.91,28.43,259200,12/30/25,715787
TMDX,Transmedics Group Inc,121.92,-1.14,-0.93%,124.56,121,281200,12/30/25,1756262
TMP,Tompkinstrustco,72.74,-1.1,-1.49%,74,72.47,46000,12/30/25,1005817
TNC,Tennant Company,74.05,-0.83,-1.11%,74.99,73.95,47800,12/30/25,97134
TNDM,Tandem Diabetes Care,22.51,0.18,0.81%,22.55,22.17,671800,12/30/25,1438133
TPH,Tri Pointe Homes Inc,31.77,-0.17,-0.53%,31.94,31.57,495600,12/30/25,1561680
TR,Tootsie Roll Industries,36.82,-0.27,-0.73%,37.5,36.7201,94300,12/30/25,98677
TRIP,Tripadvisor Inc,14.64,0.87,6.32%,14.81,13.74,3039000,12/30/25,1526520
TRMK,Trustmark Corp,39.27,-0.56,-1.41%,39.83,39.26,192300,12/30/25,36146
TRN,Trinity Industries,26.93,-0.16,-0.59%,27.182,26.91,562100,12/30/25,99780
TRNO,Terreno Realty Corp,59.77,-0.12,-0.20%,60.495,59.575,478900,12/30/25,1476150
TRST,Trustco Bank Corp NY,41.76,-0.72,-1.69%,42.56,41.73,73500,12/30/25,357301
TRUP,Trupanion Inc,38.17,0.43,1.14%,38.47,37.51,369400,12/30/25,1371285
TTMI,TTM Technologies,70.42,-0.79,-1.11%,71.92,70.06,558900,12/30/25,1116942
TWI,Titan International,7.86,0.14,1.81%,7.89,7.685,484400,12/30/25,899751
TWO,Two Harbors Invt Corp,10.56,-0.03,-0.28%,10.64,10.49,1696800,12/30/25,1465740
UCB,United Community Banks Inc,31.65,-0.2,-0.63%,31.84,31.58,372400,12/30/25,857855
UCTT,Ultra Clean Holdings,25.77,-0.12,-0.46%,26.13,25.67,277400,12/30/25,1275014
UE,Urban Edge Properties,19.37,-0.06,-0.31%,19.47,19.325,495600,12/30/25,1611547
UFCS,United Fire Group,36.51,0,0.00%,36.72,36.25,58700,12/30/25,101199
UFPT,U F P Tech Inc,235.14,-0.78,-0.33%,238.99,233.57,133900,12/30/25,914156
UHT,Universal Health Realty Income Trust,39.52,0.22,0.56%,39.7,39.05,84900,12/30/25,798783
UNF,Unifirst Corp,195.07,-1.48,-0.75%,197.29,195.07,126700,12/30/25,717954
UNFI,United Nat Foods,33.51,-0.21,-0.62%,33.98,33.315,696500,12/30/25,1020859
UNIT,Uniti Group Inc,6.92,-0.09,-1.28%,7.06,6.92,1563000,12/30/25,2020795
UPBD,Upbound Group Inc,17.57,-0.2,-1.13%,17.71,17.45,531300,12/30/25,933036
UPWK,Upwork Inc,19.55,-0.75,-3.69%,20.41,19.53,2662700,12/30/25,1627475
URBN,Urban Outfitters Inc,75.04,-1.39,-1.82%,76.32,74.63,1407900,12/30/25,912615
USPH,U.S. Physical Therapy,81.27,-0.15,-0.18%,82.5599,80.68,137900,12/30/25,885978
UTL,Unitil Corp,48.59,-0.34,-0.69%,49.05,48.3964,49200,12/30/25,755001
UVV,Universal Corp,53.02,-0.11,-0.21%,53.5,52.79,133800,12/30/25,102037
VCEL,Vericel Corporation,36.73,-0.86,-2.29%,37.61,36.72,314600,12/30/25,887359
VCTR,Victory Capital Holdings Inc Cl A,63.72,-0.41,-0.64%,64.12,63.49,171100,12/30/25,1570827
VCYT,Veracyte Inc,42.28,-0.6,-1.40%,43.05,42.2,534700,12/30/25,1384101
VECO,Veeco Instrument,29.11,-0.13,-0.44%,29.58,29.08,291100,12/30/25,103145
VIAV,Viavi Solutions,18.01,-0.09,-0.50%,18.2,17.94,1990200,12/30/25,912093
VICR,Vicor Corp,113.7,1.7,1.52%,116.33,111.55,679500,12/30/25,751978
VIR,Vir Biotechnology Inc,5.84,-0.14,-2.34%,6.12,5.76,1015400,12/30/25,1706431
VIRT,Virtu Financial Cm A,33.97,-0.33,-0.96%,34.46,33.8,582000,12/30/25,1592386
VRE,Veris Residential Inc,15.09,0.08,0.53%,15.095,14.86,521300,12/30/25,924901
VRRM,Verra Mobility Corp,22.58,-0.16,-0.68%,22.79,22.51,769100,12/30/25,1682745
VRTS,Virtus Investment Partners,164.13,-0.41,-0.25%,165.65,163.4,50100,12/30/25,883237
VSAT,Viasat Inc,35.34,0.67,1.93%,35.51,34.18,1274300,12/30/25,797721
VSCO,Victorias Secret & Co.,54.77,-1.28,-2.28%,56,54.61,1252900,12/30/25,1856437
VSH,Vishay Intertechnology,14.78,-0.12,-0.81%,15.01,14.77,650000,12/30/25,103730
VSTS,Vestis Corporation,6.77,0.06,0.89%,6.87,6.67,2087000,12/30/25,1967649
VTOL,Bristow Group Inc,36.68,0.28,0.77%,36.87,36.37,113000,12/30/25,1525221
VYX,NCR Voyix Corporation,10.32,-0.25,-2.37%,10.6,10.31,970100,12/30/25,70866
WABC,Westamerica Bancorp,48.55,-0.43,-0.88%,49.21,48.48,114000,12/30/25,311094
WAFD,Wafd Inc,32.47,-0.45,-1.37%,32.88,32.46,333600,12/30/25,936528
WAY,Waystar Holding Corp,32.98,0.04,0.12%,33.22,32.81,1590300,12/30/25,1990354
WD,Walker & Dunlop,60.8,0.07,0.12%,61.08,60.62,171800,12/30/25,1497770
WDFC,W D 40 Company,199.37,-2.3,-1.14%,203.49,197.96,89900,12/30/25,105132
WEN,Wendys Company,8.28,-0.04,-0.48%,8.41,8.27,4041000,12/30/25,30697
WERN,Werner Enterprise,30.32,-0.37,-1.21%,30.77,30.18,501400,12/30/25,793074
WGO,Winnebago Industries,41.15,0.5,1.23%,41.57,40.53,506900,12/30/25,107687
WHD,Cactus Inc Cl A,46.01,-0.06,-0.13%,46.635,45.97,348400,12/30/25,1699136
WKC,World Kinect Corp,23.64,-0.06,-0.25%,23.87,23.62,552200,12/30/25,789460
WLY,John Wiley Sons Cl A,30.98,0.315,1.03%,31.105,30.52,456000,12/30/25,107140
WOR,Worthington Enterprises Inc,51.91,-0.28,-0.54%,52.69,51.83,125100,12/30/25,108516
WRLD,World Acceptance Corp,145.49,-0.89,-0.61%,147.45,140.84,179900,12/30/25,108385
WS,Worthington Steel Inc,35.45,-0.16,-0.45%,35.86,35.32,223700,12/30/25,1968487
WSC,Willscot Holdings Corp,19,-0.3,-1.55%,19.48,19,1589300,12/30/25,1647088
WSFS,WSFS Financial Corp,55.75,-0.93,-1.64%,56.66,55.71,247700,12/30/25,828944
WSR,Whitestone REIT,13.9,0,0.00%,13.95,13.83,175400,12/30/25,1175535
WT,Wisdomtree Inc,12.42,0.06,0.49%,12.545,12.325,2357000,12/30/25,880631
WU,Western Union Company,9.3,-0.02,-0.21%,9.39,9.29,4198700,12/30/25,1365135
WWW,Wolverine World Wide,18.03,0.11,0.61%,18.35,17.65,1006500,12/30/25,110471
XHR,Xenia Hotels & Resorts Inc,14.46,-0.18,-1.23%,14.715,14.45,1658000,12/30/25,1616000
XNCR,Xencor Inc,15.03,-0.14,-0.92%,15.2,14.9,380200,12/30/25,1326732
XPEL,Xpel Technologies,52.12,-0.88,-1.66%,53.08,52.08,201700,12/30/25,1767258
YELP,Yelp Inc,30.13,-0.05,-0.17%,30.455,29.95,788800,12/30/25,1345016
YOU,Clear Secure Inc Cl A,35.32,0,0.00%,35.72,35.161,778900,12/30/25,1856314
ZD,Ziff Davis Inc,35.58,-0.18,-0.50%,36.1,35.54,338800,12/30/25,1084048
ZWS,Zurn Elkay Water Solutions Corp,47.32,-0.45,-0.94%,47.86,47.28,684200,12/30/25,1439288