Ticker,CIK,Industry,Input_Rev_Prev,Input_Rev_Curr,Revenue_Growth,Input_NetInc_Prev,Input_NetInc_Curr,Earnings_Growth,Audited_EPS,Input_NetCash_Op,Input_CapEx,Free_Cash_Flow,Input_Assets_Curr,Input_Liab_Curr,Current_Ratio,Input_Equity,ROIC,Debt_to_EBITDA,Macro_Sector
AAP,1158449,Retail-Auto & Home Supply Stores,9094327000.0,8601000000.0,-0.0542455752910578,-335788000.0,44000000.0,-1.1310350578341095,0.73,-46000000.0,252000000.0,-298000000.0,7290000000.0,4176000000.0,1.75,2198000000.0,0.0078,15.34,Automotive & Vehicles
ABG,1144980,Retail-Auto Dealers & Gasoline Stations,17188600000.0,17999000000.0,0.0471475280127526,430300000.0,492000000.0,0.14338833372066,25.13,775200000.0,57600000.0,717600000.0,3380200000.0,3559500000.0,0.95,3891900000.0,0.1136,0.48,Automotive & Vehicles
ABM,771497,Services-To Dwellings & Other Buildings,8359400000.0,8745900000.0,0.0462353757446706,81400000.0,162400000.0,0.995085995085995,2.59,234400000.0,79300000.0,155100000.0,1938700000.0,1305700000.0,1.48,1785600000.0,0.0489,3.77,Real Estate
ACA,1739445,Fabricated Structural Metal Products,2569900000.0,2883400000.0,0.1219891824584614,93700000.0,208400000.0,1.224119530416222,4.24,341100000.0,165600000.0,175500000.0,1106500000.0,503600000.0,2.2,2641400000.0,0.0789,0.0,Industrials
ACAD,1070494,Pharmaceutical Preparations,726437000.0,231041000.0,-0.681953149412819,226451000.0,391000000.0,0.7266428498880553,2.3,109836000.0,4690000.0,105146000.0,1062113000.0,277114000.0,3.83,1227390000.0,0.3186,0.0,Healthcare
ACHC,1520697,"Services-Specialty Outpatient Facilities, NEC",3153963000.0,3312769000.0,0.0503512564985702,255612000.0,-1102772000.0,-5.314241897876469,-12.16,131898000.0,571807000.0,-439909000.0,814139000.0,525194000.0,1.55,1948960000.0,-0.2495,999.0,Other/Diversified
ACIW,935036,Services-Prepackaged Software,1024191000.0,1009780000.0,-0.0140706176875211,203118000.0,226658000.0,0.1158932246280487,2.16,322831000.0,12907000.0,309924000.0,1089114000.0,705643000.0,1.54,1519078000.0,0.0987,1.61,Technology
ACLS,1113232,"Special Industry Machinery, NEC",1017865000.0,839048000.0,-0.1756785035343586,200992000.0,120238000.0,-0.4017771851615985,3.8,118305000.0,11295000.0,107010000.0,943202000.0,197660000.0,4.77,1034677000.0,0.1146,0.09,Industrials
ACMR,1680062,"Special Industry Machinery, NEC",36506000.0,74643000.0,1.0446775872459322,103627000.0,94078000.0,-0.0921477993187103,1.37,-10325000.0,56283000.0,-66608000.0,2436680000.0,745712000.0,3.27,1464363000.0,0.0548,2.03,Industrials
ADEA,1803696,Cable & Other Pay Television Services,376024000.0,443386000.0,0.179142820671021,64623000.0,111075000.0,0.7188152824845643,0.99,158086000.0,1806000.0,156280000.0,303958000.0,79778000.0,3.81,480541000.0,0.1265,2.82,Other/Diversified
ADMA,1368514,"Biological Products, (No Diagnostic Substances)",29349083.0,42219783.0,0.4385384033974758,197673000.0,146930000.0,-0.2567017245653175,0.6,50396000.0,22575000.0,27821000.0,466512000.0,69541000.0,6.71,477320000.0,0.2688,0.32,Healthcare
ADUS,1468328,Services-Home Health Care Services,1154599000.0,1422530000.0,0.232055458215363,73598000.0,95910000.0,0.3031604119677165,5.22,111507000.0,7719000.0,103788000.0,269491000.0,149487000.0,1.8,1085303000.0,0.0795,0.78,Healthcare
AEIS,927003,"Electronic Components, NEC",327397000.0,453095000.0,0.3839314349245717,128284000.0,54214000.0,-0.5773907891864924,3.84,233300000.0,107400000.0,125900000.0,1573900000.0,991200000.0,1.59,1362800000.0,0.0281,3.71,Other/Diversified
AEO,919012,Retail-Family Clothing Stores,5261770000.0,5328652000.0,0.0127109318727348,170038000.0,329380000.0,0.9370964137428104,1.68,476798000.0,222538000.0,254260000.0,1354231000.0,882656000.0,1.53,1766860000.0,0.1855,0.01,Consumer & Retail
AESI,1984060,Crude Petroleum & Natural Gas,1055957000.0,1095310000.0,0.0372676160108792,59944000.0,-50304000.0,-1.839183237688509,-0.41,117346000.0,148271000.0,-30925000.0,307514000.0,211064000.0,1.46,1208924000.0,-0.0288,5.4,Energy & Materials
AHCO,1725255,Services-Home Health Care Services,3260975000.0,3244857000.0,-0.0049426935195762,90422000.0,-70794000.0,-1.7829289332242153,-0.52,601771000.0,382388000.0,219383000.0,728899000.0,712392000.0,1.02,1518562000.0,-0.0219,3.49,Healthcare
AIN,819793,"Broadwoven Fabric Mills, Man Made Fiber & Silk",1054132000.0,257700000.0,-0.7555334626024065,87623000.0,-57342000.0,-1.6544172192232631,-1.94,152474000.0,69830000.0,82644000.0,928835000.0,442297000.0,2.1,726209000.0,-0.0485,9.64,Other/Diversified
AIR,1750,Aircraft & Parts,1748300000.0,473500000.0,-0.7291654750328891,46300000.0,12500000.0,-0.7300215982721382,0.35,36100000.0,34700000.0,1400000.0,1510600000.0,554700000.0,2.72,1211600000.0,0.0057,7.05,Automotive & Vehicles
ALG,897077,Farm Machinery & Equipment,1628513000.0,1603715000.0,-0.0152273884212161,115930000.0,103801000.0,-0.1046234796860174,8.59,177543000.0,30627000.0,146916000.0,998093000.0,218367000.0,4.57,1148703000.0,0.0904,0.0,Industrials
ALGT,1362468,"Air Transportation, Scheduled",2512589000.0,2606579000.0,0.0374076301376787,-240238000.0,-44697000.0,-0.8139470025557989,-2.48,389768000.0,314664000.0,75104000.0,967653000.0,1018462000.0,0.95,1052677000.0,-0.0163,17.63,Industrials
ALKS,1520262,Pharmaceutical Preparations,1557632000.0,1475899000.0,-0.0524725994329854,367070000.0,241664000.0,-0.34164055902144,1.43,520754000.0,40420000.0,480334000.0,1929161000.0,543437000.0,3.55,1819295000.0,0.1147,0.84,Healthcare
ALRM,1459200,Services-Prepackaged Software,939827000.0,1011187000.0,0.0759288677597047,36682000.0,30328000.0,-0.1732184722752303,2.46,153330000.0,16281000.0,137049000.0,1272511000.0,663140000.0,1.92,848163000.0,0.0317,1.62,Technology
AMN,1142750,Services-Help Supply Services,1988454000.0,509076000.0,-0.7439840197459936,-146979000.0,-95702000.0,-0.3488729682471645,-2.48,269457000.0,35629000.0,233828000.0,545376000.0,577614000.0,0.94,642106000.0,-0.121,1.36,Other/Diversified
AMPH,1297184,Pharmaceutical Preparations,731967000.0,719887000.0,-0.0165034762496123,159519000.0,98094000.0,-0.3850638481936321,2.03,156115000.0,34882000.0,121233000.0,636016000.0,158156000.0,4.02,445522000.0,0.0921,3.51,Healthcare
AMTM,2011286,"Services-Business Services, NEC",8388000000.0,14393000000.0,0.7159036719122556,-82000000.0,66000000.0,-1.804878048780488,0.27,543000000.0,27000000.0,516000000.0,3113000000.0,2354000000.0,1.32,4505000000.0,0.0079,31.98,Other/Diversified
AMWD,794619,"Millwood, Veneer, Plywood, & Structural Wood Members",1847502000.0,1709585000.0,-0.0746505281185081,116216000.0,99456000.0,-0.144214221793901,6.5,108447000.0,39719000.0,68728000.0,364453000.0,182942000.0,1.99,915998000.0,0.1057,0.13,Other/Diversified
ANDE,821026,Wholesale-Farm Product Raw Materials,11257548000.0,11008928000.0,-0.0220847381685603,114012000.0,95713000.0,-0.1605006490544855,3.32,176998000.0,233123000.0,-56125000.0,2376409000.0,1686397000.0,1.41,1244779000.0,0.0461,3.07,Consumer & Retail
ANGI,1705110,Services-Advertising,736386000.0,223213000.0,-0.6968804404211921,36848000.0,43832000.0,0.1895353886235345,0.94,27069000.0,59600000.0,-32531000.0,366382000.0,222438000.0,1.65,1062801000.0,0.0281,6.02,Other/Diversified
ANIP,1023024,Pharmaceutical Preparations,206547000.0,47966000.0,-0.7677719841004711,-18522000.0,78337000.0,-5.229402872260015,3.32,185225000.0,13835000.0,171390000.0,753117000.0,278112000.0,2.71,540724000.0,0.0941,2.03,Healthcare
AORT,784199,Surgical & Medical Instruments & Apparatus,253227000.0,298836000.0,0.180111125590873,-13359000.0,9768000.0,-1.7311924545250392,0.21,39880000.0,39041000.0,839000.0,358082000.0,101556000.0,3.53,448232000.0,0.0147,3.44,Healthcare
AOSL,1387467,Semiconductors & Related Devices,361308000.0,342291000.0,-0.0526337639908333,-11081000.0,-96976000.0,7.751556718707698,-3.3,29668000.0,37180000.0,-7512000.0,396162000.0,154507000.0,2.56,822332000.0,-0.1142,999.0,Technology
APOG,6845,"Glass Products, Made of  Purchased Glass",1416942000.0,1360994000.0,-0.0394850318502803,99613000.0,85052000.0,-0.1461756999588407,3.89,125162000.0,35593000.0,89569000.0,442104000.0,285456000.0,1.55,487898000.0,0.11,1.74,Other/Diversified
ARCB,894405,Trucking (No Local),1472901000.0,1657864000.0,0.1255773470178919,173961000.0,60098000.0,-0.6545317628663896,2.62,228953000.0,114775000.0,114178000.0,626063000.0,656888000.0,0.95,1295721000.0,0.042,0.53,Automotive & Vehicles
ARWR,879407,Pharmaceutical Preparations,16142321.0,11255000.0,-0.3027644537610174,-599493000.0,-1631000.0,-0.9972793677324006,-0.01,179552000.0,22666000.0,156886000.0,950639000.0,195487000.0,4.86,466052000.0,-0.0035,0.0,Healthcare
ASIX,1673985,"Plastic Materials, Synth Resins & Nonvulcan Elastomers",1157917000.0,1684625000.0,0.4548754358041206,44149000.0,49286000.0,0.1163559763528052,1.8,122863000.0,116445000.0,6418000.0,440607000.0,389951000.0,1.13,815216000.0,0.0605,0.0,Other/Diversified
ASO,1817358,Retail-Miscellaneous Shopping Goods Stores,1676920000.0,6053414000.0,2.6098406602580924,133631000.0,376768000.0,1.819465543174862,5.54,434798000.0,212668000.0,222130000.0,1954245000.0,1032253000.0,1.89,2171377000.0,0.1421,0.79,Consumer & Retail
ASTE,792987,Construction Machinery & Equip,1305100000.0,1410400000.0,0.0806834725308405,4300000.0,38800000.0,8.023255813953488,1.68,61400000.0,40700000.0,20700000.0,816600000.0,328000000.0,2.49,681700000.0,0.0383,3.37,Industrials
ASTH,1083446,Services-Management Consulting Services,356355930.0,519907752.0,0.4589563642170904,43149000.0,22487000.0,-0.4788523488377482,0.46,114597000.0,10106000.0,104491000.0,863313000.0,615273000.0,1.4,779291000.0,0.0126,10.02,Other/Diversified
ATEN,1580808,Computer Communications Equipment,227297000.0,235429000.0,0.0357769790186408,50140000.0,42137000.0,-0.1596130833665736,0.57,84894000.0,20128000.0,64766000.0,475954000.0,133650000.0,3.56,211546000.0,0.0979,3.25,Technology
ATGE,730464,Services-Educational Services,1584652000.0,1788290000.0,0.1285064481034321,136777000.0,237065000.0,0.7332226909495018,6.18,337899000.0,50327000.0,287572000.0,416190000.0,507927000.0,0.82,1433625000.0,0.1194,1.56,Other/Diversified
AVA,104918,Electric & Other Services Combined,1938000000.0,1964000000.0,0.0134158926728586,180000000.0,193000000.0,0.0722222222222222,2.38,469000000.0,570000000.0,-101000000.0,729000000.0,878000000.0,0.83,2709000000.0,0.0359,4.38,Utilities
AWR,1056903,Water Supply,595459000.0,658073000.0,0.1051524958057565,119268000.0,130442000.0,0.0936881644699332,3.37,229730000.0,236822000.0,-7092000.0,231074000.0,174612000.0,1.32,1045581000.0,0.0713,3.01,Utilities
AXL,1062231,Motor Vehicle Parts & Accessories,6124900000.0,5836700000.0,-0.0470538294502767,35000000.0,-19700000.0,-1.562857142857143,-0.17,411600000.0,256500000.0,155100000.0,3635000000.0,1234000000.0,2.95,640000000.0,-0.0042,6.17,Automotive & Vehicles
AZTA,933974,"Special Industry Machinery, NEC",593821000.0,159192000.0,-0.7319192147128512,-55763000.0,50877000.0,-1.9123791761562323,1.11,72181000.0,33857000.0,38324000.0,708339000.0,237674000.0,2.98,1726986000.0,0.0286,4.91,Industrials
AZZ,8947,"Coating, Engraving & Allied Services",1061817000.0,245365000.0,-0.768919691434588,101607000.0,128833000.0,0.2679539795486531,1.79,86010000.0,115883000.0,-29873000.0,375444000.0,220992000.0,1.7,1045495000.0,0.0679,2.55,Other/Diversified
BCC,1328581,Wholesale-Lumber & Other Construction Materials,1269500000.0,1101700000.0,-0.1321780228436392,376354000.0,132836000.0,-0.6470450692698895,3.53,254148000.0,241431000.0,12717000.0,1654418000.0,493076000.0,3.36,2074878000.0,0.0527,1.22,Consumer & Retail
BCPC,9326,Chemicals & Allied Products,703644000.0,799023000.0,0.1355500793014649,154845000.0,39225000.0,-0.7466821660370048,1.21,216556000.0,49086000.0,167470000.0,365614000.0,176384000.0,2.07,1257413000.0,0.0278,1.14,Other/Diversified
BHE,863436,Printed Circuit Boards,2656105000.0,2659108000.0,0.0011306028940873,63327000.0,24852000.0,-0.6075607560756076,0.68,123964000.0,35613000.0,88351000.0,1448141000.0,635577000.0,2.28,1099803000.0,0.019,1.63,Other/Diversified
BJRI,1013488,Retail-Eating  Places,1357302000.0,1399126000.0,0.0308140708552702,16687000.0,48808000.0,1.9249116078384367,2.16,110514000.0,69612000.0,40902000.0,74925000.0,187775000.0,0.4,366193000.0,0.1082,0.69,Consumer & Retail
BKE,885245,Retail-Family Clothing Stores,1261102000.0,1217689000.0,-0.0344246539930949,219919000.0,195468000.0,-0.1111818442244644,3.89,242014000.0,42275000.0,199739000.0,439209000.0,213932000.0,2.05,423804000.0,0.4612,0.0,Consumer & Retail
BL,1666134,Services-Prepackaged Software,177031000.0,50233000.0,-0.7162474368895843,161174000.0,24518000.0,-0.8478786901113082,0.39,169567000.0,8074000.0,161493000.0,1025209000.0,695377000.0,1.47,332326000.0,0.0738,0.0,Technology
BLFS,834365,Electromedical & Electrotherapeutic Apparatus,8949401.0,6190698.0,-0.3082556028051486,-20184000.0,-4595000.0,-0.7723444312326595,-0.1,20115000.0,9478000.0,10637000.0,136561000.0,22979000.0,5.94,371888000.0,-0.0124,999.0,Healthcare
BLMN,1546417,Retail-Eating  Places,965021000.0,1013113000.0,0.0498351849337993,-128018000.0,8237000.0,-1.0643425143339218,0.1,276694000.0,179924000.0,96770000.0,269638000.0,878646000.0,0.31,333602000.0,0.0073,4.95,Consumer & Retail
BMI,9092,Totalizing Fluid Meters & Counting Devices,916663000.0,220706000.0,-0.7592288550972386,141634000.0,33575000.0,-0.7629453379838175,1.14,183698000.0,14026000.0,169672000.0,507077000.0,150716000.0,3.36,713294000.0,0.0471,0.0,Other/Diversified
BOOT,1610250,Retail-Shoe Stores,776854000.0,192755000.0,-0.7518774441529554,146996000.0,180942000.0,0.2309314539171134,5.88,147540000.0,148293000.0,-753000.0,863960000.0,353349000.0,2.45,1131057000.0,0.1313,1.03,Consumer & Retail
BOX,1372612,Services-Prepackaged Software,398605000.0,506142000.0,0.2697833695011352,244621000.0,115383000.0,-0.5283193184558971,0.58,356450000.0,6074000.0,350376000.0,891273000.0,802667000.0,1.11,-299278000.0,0.7604,4.12,Technology
BTSG,1865782,Services-Home Health Care Services,10072214000.0,12910564000.0,0.2818000094120319,-18062000.0,190666000.0,-11.55619532720629,0.87,490169000.0,95484000.0,394685000.0,2894050000.0,1849034000.0,1.57,1875065000.0,0.044,6.44,Healthcare
BTU,1064728,Bituminous Coal & Lignite Surface Mining,4236700000.0,3861500000.0,-0.0885594920574975,-211300000.0,-289800000.0,0.3715097018457169,-0.43,333700000.0,411400000.0,-77700000.0,1558800000.0,842200000.0,1.85,3536400000.0,-0.0819,0.0,Energy & Materials
CABO,1632127,Cable & Other Pay Television Services,960029000.0,257714000.0,-0.7315560259117172,14480000.0,-356459000.0,-25.61733425414365,-63.21,563326000.0,285251000.0,278075000.0,306585000.0,759324000.0,0.4,1433638000.0,-0.1801,8.47,Other/Diversified
CAKE,887596,Retail-Eating  Places,3581699000.0,3751806000.0,0.0474933823305643,156783000.0,148427000.0,-0.0532965946563084,3.06,301281000.0,146204000.0,155077000.0,454828000.0,777011000.0,0.59,436427000.0,0.1488,2.03,Consumer & Retail
CALM,16160,Agricultural Prod-Livestock & Animal Specialties,1351609000.0,453333000.0,-0.6645975278353429,277888000.0,1220048000.0,3.390430677107324,24.95,1224734000.0,161255000.0,1063479000.0,1968110000.0,308371000.0,6.38,2560624000.0,0.4763,0.0,Other/Diversified
CALX,1406666,"Communications Services, NEC",510367000.0,137899000.0,-0.7298042389104311,-29747000.0,17884000.0,-1.601203482704138,0.26,134953000.0,19435000.0,115518000.0,691553000.0,163248000.0,4.24,859219000.0,0.0208,0.0,Communications
CARG,1494259,Services-Computer Processing & Data Preparation,316861000.0,90597000.0,-0.7140796753150435,20972000.0,155903000.0,6.433864199885562,0.51,295280000.0,6383000.0,288897000.0,282948000.0,100539000.0,2.81,374198000.0,0.4166,0.0,Technology
CARS,1683606,Services-Computer Processing & Data Preparation,719152000.0,723239000.0,0.0056830822969274,48188000.0,20052000.0,-0.5838798041006059,0.32,151639000.0,4286000.0,147353000.0,211592000.0,113387000.0,1.87,472530000.0,0.0217,13.16,Technology
CBRL,1067294,Retail-Eating  Places,810893000.0,3030445000.0,2.737170008866768,40930000.0,46379000.0,0.1331297336916687,2.06,218899000.0,159144000.0,59755000.0,313112000.0,625603000.0,0.5,461689000.0,0.0582,1.9,Consumer & Retail
CC,1627223,Chemicals & Allied Products,6183000000.0,6638000000.0,0.0735888727155102,-386000000.0,-47000000.0,-0.8782383419689119,-0.31,264000000.0,213000000.0,51000000.0,3001000000.0,1686000000.0,1.78,250000000.0,-0.0108,6.11,Other/Diversified
CCOI,1158324,"Communications Services, NEC",485175000.0,125226000.0,-0.7418951924563302,-204074000.0,-182174000.0,-0.1073140135441065,-3.8,-10579000.0,187569000.0,-198148000.0,450581000.0,220841000.0,2.04,-63848000.0,-0.1093,11.65,Communications
CE,1306830,"Plastic Material, Synth Resin/Rubber, Cellulos (No Glass)",10280000000.0,9544000000.0,-0.0715953307392996,-1522000000.0,-1165000000.0,-0.2345597897503285,-10.64,1146000000.0,343000000.0,803000000.0,5693000000.0,3683000000.0,1.55,4049000000.0,-0.1562,16.55,Other/Diversified
CENT,887733,Wholesale-Miscellaneous Nondurable Goods,3200460000.0,3129100000.0,-0.0222967948357423,107983000.0,162843000.0,0.5080429326838484,2.55,332506000.0,41418000.0,291088000.0,1976130000.0,538758000.0,3.67,1583268000.0,0.0587,3.33,Consumer & Retail
CENTA,887733,Wholesale-Miscellaneous Nondurable Goods,3200460000.0,3129100000.0,-0.0222967948357423,107983000.0,162843000.0,0.5080429326838484,2.55,332506000.0,41418000.0,291088000.0,1976130000.0,538758000.0,3.67,1583268000.0,0.0587,3.33,Consumer & Retail
CENX,949157,Primary Production of  Aluminum,392900000.0,389100000.0,-0.0096716721812165,14900000.0,41800000.0,1.8053691275167785,0.42,185000000.0,100200000.0,84800000.0,1031300000.0,523600000.0,1.97,805600000.0,0.0338,3.0,Other/Diversified
CERT,1827090,Services-Prepackaged Software,385148000.0,418838000.0,0.0874728675729849,-12051000.0,-1595000.0,-0.867645838519625,-0.01,96325000.0,1760000.0,94565000.0,315119000.0,153385000.0,2.05,1062795000.0,-0.0012,2.75,Technology
CEVA,1173489,"Services-Computer Programming, Data Processing, Etc.",72653000.0,87507000.0,0.2044512958859235,-8786000.0,-10638000.0,0.2107898930116093,-0.44,-3356000.0,2921000.0,-6277000.0,284836000.0,28683000.0,9.93,336458000.0,-0.0316,999.0,Technology
CLB,1958086,"Oil & Gas Field Services, NEC",509790000.0,523848000.0,0.0275760607308891,36675000.0,31400000.0,-0.1438309475119291,0.66,56388000.0,13028000.0,43360000.0,226606000.0,97586000.0,2.32,251991000.0,0.083,1.73,Energy & Materials
CLSK,827876,Finance Services,378968000.0,766314000.0,1.0221074074855925,-145777000.0,364464000.0,-3.500147485542987,-1.3,-461032000.0,19285904.0,-480317904.0,1320041000.0,315765000.0,4.18,2175127000.0,0.1293,0.84,Financials
CNK,1385280,Services-Motion Picture Theaters,3049500000.0,3115000000.0,0.0214789309722905,309700000.0,138200000.0,-0.5537617048756861,1.04,166219000.0,110700000.0,55519000.0,874472000.0,769144000.0,1.14,322904000.0,0.0494,12.25,Other/Diversified
CNMD,816956,Electromedical & Electrotherapeutic Apparatus,1307015000.0,1374724000.0,0.0518043021694471,132423000.0,47055000.0,-0.6446614258852315,1.51,170689000.0,19806000.0,150883000.0,672860000.0,315041000.0,2.14,1033097000.0,0.032,4.29,Healthcare
CNR,1710366,Silver Ores,2568877000.0,2236311000.0,-0.1294596821879755,286405000.0,-153216000.0,-1.5349627276060125,-2.98,305752000.0,284581000.0,21171000.0,1340222000.0,838289000.0,1.6,3678234000.0,-0.0383,0.77,Other/Diversified
CNXN,1050377,Wholesale-Computers & Peripheral Equipment & Software,2802118000.0,2872746000.0,0.0252052197659056,87095000.0,83722000.0,-0.038727825937195,3.27,65438000.0,7389000.0,58049000.0,1220872000.0,420392000.0,2.9,910130000.0,0.092,0.0,Technology
COHU,21535,Instruments For Meas & Testing of  Electricity & Elec Signals,352704000.0,84090000.0,-0.7615847849755035,-69818000.0,-74273000.0,0.0638087599186456,-1.59,31692000.0,20958000.0,10734000.0,749990000.0,109078000.0,6.88,785539000.0,-0.0694,999.0,Utilities
COLL,1267565,Pharmaceutical Preparations,780567000.0,205449000.0,-0.736795175814504,62870000.0,16963000.0,-0.7301892794655639,0.46,329323000.0,1740000.0,327583000.0,691411000.0,440028000.0,1.57,301675000.0,0.0542,0.23,Healthcare
CON,2014596,"Services-Specialty Outpatient Facilities, NEC",1900192000.0,2163417000.0,0.1385254753203886,166543000.0,166415000.0,-0.0007685702791471,1.3,279397000.0,82335000.0,197062000.0,383098000.0,337247000.0,1.14,393281000.0,0.4231,0.0,Other/Diversified
CORT,1088856,Pharmaceutical Preparations,675040000.0,761407000.0,0.1279435292723394,141209000.0,99652000.0,-0.2942942730279231,0.82,141996000.0,211000.0,141785000.0,485464000.0,166085000.0,2.92,647805000.0,0.1538,0.0,Healthcare
CPK,19745,Natural Gas Transmisison & Distribution,787200000.0,930000000.0,0.1814024390243902,118600000.0,140300000.0,0.1829679595278246,5.97,233700000.0,448600000.0,-214900000.0,237000000.0,529900000.0,0.45,1598500000.0,0.0455,4.16,Energy & Materials
CPRX,1369568,Pharmaceutical Preparations,102306337.0,119072803.0,0.1638849214198725,163889000.0,214326000.0,0.3077509777959472,1.68,208670000.0,58000.0,208612000.0,894030000.0,147152000.0,6.08,954268000.0,0.2246,0.0,Healthcare
CRC,1609253,Crude Petroleum & Natural Gas,3198000000.0,3669000000.0,0.1472795497185741,376000000.0,363000000.0,-0.0345744680851063,4.15,865000000.0,322000000.0,543000000.0,938000000.0,1050000000.0,0.89,3674000000.0,0.0732,1.27,Energy & Materials
CRI,1060822,Apparel & Other Finishd Prods of  Fabrics & Similar Matl,2844102000.0,2898426000.0,0.019100580780858,185509000.0,91796000.0,-0.5051668652194772,2.53,122334000.0,53704000.0,68630000.0,1270773000.0,505997000.0,2.51,925048000.0,0.0615,2.84,Consumer & Retail
CRK,23194,Crude Petroleum & Natural Gas,420290000.0,555231000.0,0.3210664065288253,-229651000.0,395611000.0,-2.722661778089362,1.43,899607000.0,1349280000.0,-449673000.0,360938000.0,729516000.0,0.49,2646810000.0,0.0725,2.17,Energy & Materials
CRSR,1743759,"Computer Peripheral Equipment, NEC",1316379000.0,1472480000.0,0.1185836297905086,-85181000.0,-16159000.0,-0.8102980711661051,-0.12,50121000.0,15374000.0,34747000.0,665458000.0,430942000.0,1.54,633557000.0,-0.0216,999.0,Technology
CRVL,874866,"Insurance Agents, Brokers & Service",795311000.0,895589000.0,0.1260865246425612,76252000.0,95165000.0,0.248032838482925,1.83,127315000.0,35755000.0,91560000.0,386689000.0,204036000.0,1.9,321987000.0,0.2956,0.0,Financials
CSGS,1005757,Services-Computer Processing & Data Preparation,244108000.0,260487000.0,0.0670973503531223,86852000.0,55881000.0,-0.3565951273430663,1.98,155939000.0,14548000.0,141391000.0,937683000.0,650804000.0,1.44,355249000.0,0.0625,4.98,Technology
CTKB,1831915,Laboratory Analytical Instruments,2963000.0,193015000.0,64.14174822814715,-6020000.0,-66539000.0,10.052990033222592,-0.09,-4686000.0,4084000.0,-8770000.0,391996000.0,77804000.0,5.04,341739000.0,-0.1947,999.0,Other/Diversified
CVCO,278166,Mobile Homes,1627158000.0,2142713000.0,0.3168438467561232,157817000.0,171036000.0,0.0837615719472553,20.71,178496000.0,21427000.0,157069000.0,910186000.0,303166000.0,3.0,1064582000.0,0.1607,0.0,Other/Diversified
CWEN,1567683,Electric Services,1371000000.0,1429000000.0,0.0423048869438366,259000000.0,169000000.0,-0.3474903474903475,0.75,688000000.0,319000000.0,369000000.0,1152000000.0,1018000000.0,1.13,5811000000.0,0.0123,6.1,Utilities
CWK,1628369,Real Estate,9446500000.0,10288200000.0,0.0891017837294236,131300000.0,88200000.0,-0.3282559025133282,0.38,340400000.0,47400000.0,293000000.0,2843100000.0,2591800000.0,1.1,1955300000.0,0.0193,5.26,Real Estate
CXM,1569345,Services-Prepackaged Software,732360000.0,796394000.0,0.0874351411873941,51403000.0,121609000.0,1.3657957706748634,0.44,77590000.0,5802000.0,71788000.0,854097000.0,517583000.0,1.65,612063000.0,0.1987,0.0,Technology
CZR,1590895,Hotels & Motels,1473504000.0,428220000.0,-0.7093866049905532,-278000000.0,-502000000.0,0.8057553956834532,-2.42,1302000000.0,805000000.0,497000000.0,1803000000.0,2253000000.0,0.8,3504000000.0,-0.0331,3.61,Hotels & Lodging
DAN,26780,Motor Vehicle Parts & Accessories,7500000000.0,1867000000.0,-0.7510666666666667,85000000.0,-50000000.0,-1.588235294117647,-0.43,512000000.0,164000000.0,348000000.0,3868000000.0,3308000000.0,1.17,840000000.0,-0.0219,7.86,Automotive & Vehicles
DFIN,1669811,Services-Miscellaneous Business Services,1004900000.0,963000000.0,-0.0416956911135436,92400000.0,32400000.0,-0.6493506493506493,1.15,164900000.0,57100000.0,107800000.0,211400000.0,200000000.0,1.06,379200000.0,0.0595,2.96,Other/Diversified
DIOD,29002,Semiconductors & Related Devices,1311120000.0,1482073000.0,0.1303869973762889,44024000.0,66141000.0,0.5023850626930765,1.43,215513000.0,78362000.0,137151000.0,1256962000.0,378340000.0,3.32,1878124000.0,0.0347,0.31,Technology
DLX,27996,"Blankbooks, Looseleaf Binders & Bookbindg & Relatd Work",2121761000.0,2133200000.0,0.0053912763972945,52802000.0,82100000.0,0.5548653460096209,1.8,270600000.0,95300000.0,175300000.0,665800000.0,643200000.0,1.04,570861000.0,0.034,4.87,Other/Diversified
DNOW,1599617,Oil & Gas Field Machinery & Equipment,2648000000.0,669000000.0,-0.747356495468278,81000000.0,-89000000.0,-2.098765432098765,-0.76,155000000.0,21000000.0,134000000.0,2278000000.0,974000000.0,2.34,2233000000.0,-0.0371,999.0,Energy & Materials
DOCN,1582961,"Services-Computer Programming, Data Processing, Etc.",204925000.0,901427000.0,3.3988142003171893,18266000.0,259262000.0,13.19369320048177,2.52,309604000.0,129086000.0,180518000.0,426981000.0,619464000.0,0.69,-28690000.0,0.2752,2.75,Technology
DORM,868780,Motor Vehicle Parts & Accessories,2009197000.0,2130319000.0,0.0602837850146103,190004000.0,204194000.0,0.0746826382602471,6.64,113634000.0,37969000.0,75665000.0,1521526000.0,492827000.0,3.09,1477075000.0,0.1086,1.2,Automotive & Vehicles
DV,1819928,"Services-Computer Programming, Data Processing, Etc.",656849000.0,748291000.0,0.1392131220417478,56231000.0,50650000.0,-0.0992513026622325,0.3,211183000.0,38529000.0,172654000.0,519328000.0,121563000.0,4.27,1131332000.0,0.0439,0.16,Technology
DVAX,1029142,Pharmaceutical Preparations,327000.0,21000.0,-0.9357798165137616,-6389000.0,27309000.0,-5.274377836907184,0.2,66512000.0,6352000.0,60160000.0,848941000.0,78634000.0,10.8,596799000.0,0.0458,0.0,Healthcare
DXC,1688568,Services-Computer Processing & Data Preparation,13667000000.0,12871000000.0,-0.0582424818906855,91000000.0,389000000.0,3.274725274725274,2.1,1398000000.0,248000000.0,1150000000.0,5363000000.0,4411000000.0,1.22,3229000000.0,0.0625,1.36,Technology
DXPE,1020710,Wholesale-Industrial Machinery & Equipment,1499662000.0,1247043000.0,-0.1684506242073213,70489000.0,88677000.0,0.258026074990424,5.37,94264000.0,40286000.0,53978000.0,910317000.0,272481000.0,3.34,498439000.0,0.0673,4.04,Consumer & Retail
DY,67215,"Water, Sewer, Pipeline, Comm & Power Line Construction",664645000.0,789159000.0,0.1873391058384551,233413000.0,281189000.0,0.2046844006117911,9.56,642503000.0,240791000.0,401712000.0,2756895000.0,1006900000.0,2.74,1859136000.0,0.0602,4.41,Utilities
EAT,703351,Retail-Eating  Places,4415100000.0,5384200000.0,0.2194967271409481,155300000.0,383100000.0,1.466838377334192,8.32,679000000.0,265300000.0,413700000.0,207000000.0,675600000.0,0.31,370900000.0,0.2303,2.52,Consumer & Retail
EMBC,1872789,Surgical & Medical Instruments & Apparatus,1123100000.0,1080400000.0,-0.0380197667171222,78300000.0,95400000.0,0.2183908045977011,1.62,191700000.0,9300000.0,182400000.0,631400000.0,261500000.0,2.41,-650600000.0,0.1293,7.85,Healthcare
EMN,915389,"Plastic Materials, Synth Resins & Nonvulcan Elastomers",9382000000.0,8752000000.0,-0.0671498614367938,905000000.0,474000000.0,-0.4762430939226519,4.1,970000000.0,546000000.0,424000000.0,3645000000.0,2652000000.0,1.37,5961000000.0,0.0441,4.43,Other/Diversified
ENOV,1420800,"Orthopedic, Prosthetic & Surgical Appliances & Supplies",2107623000.0,2248049000.0,0.0666276653841792,-825494000.0,-1184440000.0,0.4348256922521544,-20.75,217293000.0,197376000.0,19917000.0,1207059000.0,598474000.0,2.02,1489645000.0,-0.4305,5.82,Healthcare
ENPH,1463101,Semiconductors & Related Devices,1330383000.0,1472985000.0,0.1071886817555546,102658000.0,172133000.0,0.6767616746868242,1.29,136540000.0,40639000.0,95901000.0,2606860000.0,1262150000.0,2.07,1087023000.0,0.1037,1.94,Technology
ENR,1632790,"Miscellaneous Electrical Machinery, Equipment & Supplies",2887000000.0,2952700000.0,0.0227571873917561,38100000.0,239000000.0,5.272965879265092,3.32,147100000.0,83900000.0,63200000.0,1679100000.0,795000000.0,2.11,169900000.0,0.0668,6.03,Industrials
ENVA,1529864,Personal Credit Institutions,2657800000.0,3151653000.0,0.1858127022349311,209448000.0,308389000.0,0.4723893281387266,11.52,1819121000.0,29674000.0,1789447000.0,440775000.0,64079000.0,6.88,1336724000.0,0.1684,0.67,Financials
EPC,1096752,"Perfumes, Cosmetics & Other Toilet Preparations",2253700000.0,2223500000.0,-0.0134001863602076,98600000.0,25400000.0,-0.742393509127789,0.53,118400000.0,85300000.0,33100000.0,995500000.0,565500000.0,1.76,1553100000.0,0.0087,7.45,Energy & Materials
ESI,1590714,Miscellaneous Chemical Products,2456900000.0,2551200000.0,0.0383817005169115,244200000.0,190800000.0,-0.2186732186732186,0.79,295900000.0,62200000.0,233700000.0,1582500000.0,429900000.0,3.68,2674500000.0,0.0243,12.46,Other/Diversified
ETD,896156,"Wood Household Furniture, (No Upholstered)",149774000.0,91568000.0,-0.3886255291305567,105807000.0,63816000.0,-0.3968641016189855,2.01,61696000.0,11268000.0,50428000.0,309933000.0,152851000.0,2.03,482355000.0,0.1224,0.37,Other/Diversified
ETSY,1370637,"Services-Business Services, NEC",364967000.0,441231000.0,0.2089613581501889,303281000.0,162982000.0,-0.4626039877209584,1.39,693414000.0,15386000.0,678028000.0,1960983000.0,1363619000.0,1.44,-1098095000.0,0.0865,8.23,Other/Diversified
EVTC,1559865,Services-Computer Processing & Data Preparation,407144000.0,453869000.0,0.1147628357534435,112620000.0,141590000.0,0.2572367252708222,2.2,227007000.0,23336000.0,203671000.0,590772000.0,285039000.0,2.07,621606000.0,0.084,5.16,Technology
EXPI,1495932,Real Estate Agents & Managers (For Others),156104544.0,500147681.0,2.2039277536981885,-21267000.0,-22714000.0,0.0680396858983401,-0.14,118611000.0,9569000.0,109042000.0,304868000.0,199701000.0,1.53,242779000.0,-0.0936,999.0,Real Estate
EXTR,1078271,Computer Communications Equipment,1117203000.0,1140067000.0,0.0204653943822206,-85964000.0,-7467000.0,-0.9131380577916336,-0.06,152031000.0,24713000.0,127318000.0,535296000.0,587875000.0,0.91,65584000.0,-0.0326,4.96,Technology
EYE,1710155,Ophthalmic Goods,1823320000.0,1987488000.0,0.0900379527455411,-28499000.0,29600000.0,-2.0386329344889296,0.37,146293000.0,72840000.0,73453000.0,225722000.0,412408000.0,0.55,869533000.0,0.0271,2.3,Other/Diversified
FELE,38725,Motors & Generators,2021341000.0,2131250000.0,0.0543742990420715,180309000.0,147090000.0,-0.1842337320932399,3.22,238878000.0,45337000.0,193541000.0,958626000.0,344046000.0,2.79,1322579000.0,0.0999,0.56,Automotive & Vehicles
FIZZ,69891,Bottled & Canned Soft Drinks & Carbonated Waters,1191694000.0,1201354000.0,0.0081061077759894,176732000.0,186821000.0,0.0570864359595319,1.99,206696000.0,36281000.0,170415000.0,406928000.0,140502000.0,2.9,443999000.0,0.4208,0.0,Utilities
FORM,1039399,Semiconductors & Related Devices,763599000.0,784993000.0,0.0280173232285532,69614000.0,54361000.0,-0.2191082253569684,0.69,115398000.0,103658000.0,11740000.0,557054000.0,123861000.0,4.5,1035403000.0,0.0519,0.1,Technology
FOXF,1424929,"Motorcycles, Bicycles & Parts",1393921000.0,1467321000.0,0.0526572165854449,6550000.0,-544579000.0,-84.1418320610687,-13.03,60918000.0,33967000.0,26951000.0,745737000.0,260348000.0,2.86,1221761000.0,-0.3169,999.0,Automotive & Vehicles
FSS,277509,Motor Vehicles & Passenger Car Bodies,1861500000.0,2180500000.0,0.1713671770077894,216300000.0,246600000.0,0.1400832177531206,4.01,254700000.0,27600000.0,227100000.0,853800000.0,282400000.0,3.02,1382000000.0,0.155,0.5,Automotive & Vehicles
FTDR,1727263,Services-To Dwellings & Other Buildings,1843000000.0,2093000000.0,0.1356483993488876,235000000.0,255000000.0,0.0851063829787234,3.42,416000000.0,26000000.0,390000000.0,624000000.0,402000000.0,1.55,242000000.0,0.1802,2.81,Real Estate
FUL,39368,Adhesives & Sealants,2897000000.0,739106000.0,-0.74487193648602,130256000.0,151967000.0,0.1666794619825574,2.75,263493000.0,142275000.0,121218000.0,1263265000.0,743359000.0,1.7,2003218000.0,0.0378,5.08,Other/Diversified
FWRD,912728,Arrangement of  Transportation of  Freight & Cargo,1269573000.0,350341000.0,-0.7240481642252946,-816969000.0,-107796000.0,-0.8680537450013404,-3.51,159019000.0,29116000.0,129903000.0,521001000.0,428325000.0,1.22,113344000.0,-0.0599,23.78,Industrials
GDEN,1071255,Services-Miscellaneous Amusement & Recreation,666818000.0,634911000.0,-0.047849638132144,50731000.0,-6043000.0,-1.1191184877096845,-0.23,83062000.0,47481000.0,35581000.0,104263000.0,89477000.0,1.17,420897000.0,-0.0039,999.0,Other/Diversified
GDYN,1743725,Services-Prepackaged Software,118326000.0,111283000.0,-0.0595219985463887,4041000.0,9668000.0,1.3924771096263302,0.11,40600000.0,15334000.0,25266000.0,439530000.0,52114000.0,8.43,542073000.0,0.0178,0.0,Technology
GEO,923796,General Bldg Contractors - Residential Bldgs,2179490000.0,2263420000.0,0.0385090089883413,31966000.0,254372000.0,6.957579928674217,1.82,72611000.0,197512000.0,-124901000.0,718529000.0,356891000.0,2.01,1505806000.0,0.0806,2.61,Other/Diversified
GES,912463,"Women's, Misses':  Children's & Infants' Undergarments",643070000.0,799935000.0,0.243931453807517,198199000.0,60423000.0,-0.6951397332983517,0.77,121677000.0,86089000.0,35588000.0,1249370000.0,831332000.0,1.5,505007000.0,0.1143,0.15,Other/Diversified
GFF,50725,"Metal Doors, Sash, Frames, Moldings & Trim",2623520000.0,2519926000.0,-0.039486643898274,209897000.0,51110000.0,-0.7564996164785586,1.09,90130000.0,52435000.0,37695000.0,890594000.0,334557000.0,2.66,73972000.0,0.0346,4.79,Industrials
GIII,821002,Apparel & Other Finishd Prods of  Fabrics & Similar Matl,2806938000.0,714897000.0,-0.745310726492712,176168000.0,193566000.0,0.0987580037237182,4.2,316401000.0,11615000.0,304786000.0,1335354000.0,510490000.0,2.62,1679481000.0,0.115,0.01,Consumer & Retail
GKOS,1192448,Surgical & Medical Instruments & Apparatus,383481000.0,507442000.0,0.3232519994471695,-146372000.0,-187691000.0,0.2822875959883038,-3.28,-14789000.0,7666000.0,-22455000.0,474984000.0,101275000.0,4.69,656155000.0,-0.2857,999.0,Healthcare
GO,1771515,Retail-Grocery Stores,4371501000.0,4688759000.0,0.0725741570229539,39465000.0,-224912000.0,-6.699024452046117,-2.3,222133000.0,198333000.0,23800000.0,497640000.0,363996000.0,1.37,983663000.0,-0.1539,999.0,Consumer & Retail
GOGO,1537054,"Communications Services, NEC",444709000.0,910491000.0,1.047386043457632,13746000.0,12923000.0,-0.0598719627528008,0.09,124490000.0,59377000.0,65113000.0,431909000.0,269228000.0,1.6,101129000.0,0.0138,5.37,Communications
GOLF,1672013,"Sporting & Athletic Goods, NEC",1560258000.0,1633721000.0,0.0470838797173288,214298000.0,188545000.0,-0.120173776703469,3.11,194370000.0,74342000.0,120028000.0,1025371000.0,430154000.0,2.38,783566000.0,0.1092,2.72,Other/Diversified
GPI,1031203,Retail-Auto Dealers & Gasoline Stations,11123721000.0,2920405000.0,-0.737461502315637,498100000.0,325200000.0,-0.3471190523991166,25.24,694500000.0,270000000.0,424500000.0,3662600000.0,3403100000.0,1.08,2789100000.0,0.1159,0.03,Automotive & Vehicles
GRBK,1373670,Operative Builders,2098943000.0,2098471000.0,-0.0002248750918914,381583000.0,313225000.0,-0.1791432008239361,7.07,213244000.0,4798000.0,208446000.0,15129000.0,4312000.0,3.51,1858962000.0,0.1682,0.01,Other/Diversified
GSHD,1726978,"Insurance Agents, Brokers & Service",314505000.0,365304000.0,0.1615204845709925,30426000.0,27831000.0,-0.0852888976533228,1.04,91757000.0,5671000.0,86086000.0,93243000.0,58313000.0,1.6,-95504000.0,0.1435,5.56,Financials
GTES,1718512,General Industrial Machinery & Equipment,3408200000.0,3443200000.0,0.0102693503902353,194900000.0,251400000.0,0.2898922524371473,0.96,478100000.0,73200000.0,404900000.0,2481500000.0,735400000.0,3.37,3334000000.0,0.0455,3.18,Industrials
GVA,861459,Heavy Construction Other Than Bldg Const - Contractors,1963479000.0,1762965000.0,-0.1021217950382968,126346000.0,193003000.0,0.5275750716287021,3.86,468916000.0,138270000.0,330646000.0,1812231000.0,1481745000.0,1.22,1179048000.0,0.0901,2.18,Other/Diversified
HAYW,1834622,Refrigeration & Service Industry Machinery,1051606000.0,1122155000.0,0.0670869127791207,118655000.0,151570000.0,0.2774008680628713,0.68,256034000.0,28715000.0,227319000.0,951246000.0,323244000.0,2.94,1593008000.0,0.0594,5.41,Industrials
HCC,1691303,Silver Ores,1169092000.0,239803000.0,-0.7948809845589568,250603000.0,56998000.0,-0.7725565934964864,1.08,229246000.0,205242000.0,24004000.0,820255000.0,257021000.0,3.19,2141385000.0,0.0248,0.63,Other/Diversified
HCSG,731012,Services-Nursing & Personal Care Facilities,1715682000.0,1837173000.0,0.0708120735660804,39471000.0,59059000.0,0.4962630792227205,0.81,144968000.0,5818000.0,139150000.0,576415000.0,170375000.0,3.38,510210000.0,0.1158,0.0,Other/Diversified
HL,719413,Mining & Quarrying of  Nonmetallic Minerals (No Fuels),443567000.0,645957000.0,0.4562783074484801,35802000.0,321712000.0,7.985866711356907,0.49,562638000.0,252389000.0,310249000.0,629344000.0,231564000.0,2.72,2591646000.0,0.1039,0.84,Energy & Materials
HLIT,851310,Radio & Tv Broadcasting & Communications Equipment,122918000.0,120222000.0,-0.0219333214012593,39217000.0,-43310000.0,-2.104368003671877,-0.38,107966000.0,11080000.0,96886000.0,494371000.0,197948000.0,2.5,383246000.0,-0.088,999.0,Communications
HNI,48287,Office Furniture (No Wood),2526400000.0,2839000000.0,0.1237333755541481,139500000.0,54200000.0,-0.6114695340501792,1.11,276300000.0,109243000.0,167057000.0,1411900000.0,1139300000.0,1.24,1835600000.0,0.0174,6.23,Other/Diversified
HP,46765,Drilling Oil & Gas Wells,2756607000.0,3746013000.0,0.358921674362722,344165000.0,-163695000.0,-1.4756294219342467,-1.66,542950000.0,426373000.0,116577000.0,1465475000.0,814836000.0,1.8,2917152000.0,-0.0322,3.83,Energy & Materials
HRMY,1802665,Pharmaceutical Preparations,714734000.0,868453000.0,0.2150716210506286,145493000.0,158687000.0,0.0906847752125531,2.71,348199000.0,310000.0,347889000.0,907014000.0,252132000.0,3.6,870218000.0,0.1565,0.6,Healthcare
HSTM,1095565,"Services-Computer Programming, Data Processing, Etc.",291646000.0,304064000.0,0.0425790170274922,20007000.0,18342000.0,-0.0832208726945569,0.61,63319000.0,3685000.0,59634000.0,119656000.0,124146000.0,0.96,354023000.0,0.0518,0.0,Technology
HTLD,799233,Trucking (No Local),1047511000.0,805709000.0,-0.2308348074626424,-29722000.0,-52453000.0,0.7647870264450576,-0.67,89314000.0,156168000.0,-66854000.0,114600000.0,110164000.0,1.04,755319000.0,-0.0577,1.69,Automotive & Vehicles
HUBG,940942,Arrangement of  Transportation of  Freight & Cargo,4202585000.0,3946390000.0,-0.0609612893017035,167528000.0,103993000.0,-0.3792500358149085,1.7,194419000.0,50847000.0,143572000.0,768329000.0,579481000.0,1.33,1644997000.0,0.0575,0.49,Industrials
HWKN,46250,Wholesale-Chemicals & Allied Products,919162000.0,974431000.0,0.0601297703778006,75363000.0,84345000.0,0.1191831535368815,4.03,111096000.0,41096000.0,70000000.0,230691000.0,107135000.0,2.15,460292000.0,0.1408,0.9,Consumer & Retail
HZO,1057060,Retail-Auto & Home Supply Stores,2431008000.0,2309288000.0,-0.0500697652990035,38066000.0,-31631000.0,-1.8309515052803027,-1.43,72806000.0,60864000.0,11942000.0,1180879000.0,984880000.0,1.2,937190000.0,-0.0157,13.0,Automotive & Vehicles
IAC,1800227,"Services-Computer Programming, Data Processing, Etc.",5235280000.0,4365235000.0,-0.1661888189361409,-539897000.0,-104026000.0,-0.8073225078116751,-1.3,354518000.0,19201000.0,335317000.0,1544750000.0,560867000.0,2.75,4733827000.0,-0.017,15.84,Technology
IART,917520,Surgical & Medical Instruments & Apparatus,1610527000.0,1635245000.0,0.0153477712574827,-6944000.0,-516474000.0,73.37701612903226,-6.74,50384000.0,81436000.0,-31052000.0,1159544000.0,455981000.0,2.54,1043463000.0,-0.2918,999.0,Healthcare
IBP,1580905,General Bldg Contractors - Residential Bldgs,2941300000.0,2970800000.0,0.0100295787576921,256600000.0,265400000.0,0.034294621979735,9.71,371400000.0,70600000.0,300800000.0,1042600000.0,344200000.0,3.03,709900000.0,0.1701,1.87,Other/Diversified
ICHR,1652535,Semiconductors & Related Devices,849040000.0,947652000.0,0.1161452935079619,-20820000.0,-52781000.0,1.5351104707012488,-1.54,29886000.0,36169000.0,-6283000.0,410129000.0,129588000.0,3.16,663886000.0,-0.0676,999.0,Technology
ICUI,883984,Surgical & Medical Instruments & Apparatus,2382046000.0,2231262000.0,-0.0633002049498624,-117688000.0,732000.0,-1.006219835497247,0.03,179847000.0,88043000.0,91804000.0,1190554000.0,498861000.0,2.39,2123825000.0,0.0002,4.26,Healthcare
IDCC,1405495,Patent Owners & Lessors,307404000.0,75326000.0,-0.7549608983617649,358614000.0,406644000.0,0.1339323060449397,11.8,544450000.0,15888000.0,528562000.0,1387970000.0,752502000.0,1.84,1101120000.0,0.3639,0.03,Other/Diversified
INSP,1609550,Surgical & Medical Instruments & Apparatus,82050000.0,26906000.0,-0.672078001218769,53509000.0,145422000.0,1.7177110392644228,4.89,116976000.0,38499000.0,78477000.0,583652000.0,96055000.0,6.08,781160000.0,0.1805,0.31,Healthcare
INSW,1679049,Water Transportation,951613000.0,843302000.0,-0.1138183274083056,416724000.0,309261000.0,-0.2578757163014369,6.23,380052000.0,2900000.0,377152000.0,367046000.0,98891000.0,3.71,2020277000.0,0.1207,1.01,Industrials
INVA,1080014,Pharmaceutical Preparations,217217000.0,69520000.0,-0.6799513850205094,23392000.0,271165000.0,10.592211012311902,3.3,196930000.0,1131000.0,195799000.0,727515000.0,49696000.0,14.64,1172841000.0,0.1896,0.72,Healthcare
INVX,1042893,Oil & Gas Field Machinery & Equipment,362070000.0,424060000.0,0.1712099870190847,140325000.0,83298000.0,-0.4063923035809727,1.2,190912000.0,32626000.0,158286000.0,728047000.0,148164000.0,4.91,1057699000.0,0.0787,0.0,Energy & Materials
IPAR,822663,"Perfumes, Cosmetics & Other Toilet Preparations",1086700000.0,1317700000.0,0.212570166559308,164358000.0,168387000.0,0.024513561858869,5.24,214900000.0,24414000.0,190486000.0,1027365000.0,344003000.0,2.99,880716000.0,0.1665,0.49,Energy & Materials
ITGR,1114483,Electromedical & Electrotherapeutic Apparatus,1716596000.0,1853637000.0,0.0798329950669814,119896000.0,102808000.0,-0.142523520384333,2.89,196148000.0,91032000.0,105116000.0,770097000.0,232041000.0,3.32,1746643000.0,0.0351,3.83,Healthcare
ITRI,780571,Instruments For Meas & Testing of  Electricity & Elec Signals,2440837000.0,2367194000.0,-0.0301712076636006,239105000.0,301055000.0,0.2590911942452061,6.5,405952000.0,22891000.0,383061000.0,1822318000.0,1012227000.0,1.8,1716596000.0,0.1202,1.98,Utilities
JBSS,880117,Sugar & Confectionery Products,1066783000.0,1107246000.0,0.0379299257674709,60249000.0,58934000.0,-0.0218260883998074,5.03,30545000.0,50712000.0,-20167000.0,346424000.0,156046000.0,2.22,360697000.0,0.1462,0.39,Other/Diversified
JJSF,785956,Cookies & Crackers,1186187000.0,1022038000.0,-0.1383837455645695,86551000.0,65595000.0,-0.2421231412693094,3.36,165126000.0,82873000.0,82253000.0,478332000.0,175666000.0,2.72,966695000.0,0.0679,0.0,Other/Diversified
KAI,886346,Special Industry Machinery (No Metalworking Machinery),1053384000.0,1052248000.0,-0.0010784291388515,111598000.0,101969000.0,-0.0862829082958476,8.65,171328000.0,17048000.0,154280000.0,541933000.0,228171000.0,2.38,979809000.0,0.1014,0.13,Industrials
KFY,56679,Services-Employment Agencies,1621669000.0,1819519000.0,0.1220039354516858,169154000.0,246062000.0,0.4546626151317734,4.6,364362000.0,62484000.0,301878000.0,1750138000.0,955598000.0,1.83,1866456000.0,0.1087,0.94,Other/Diversified
KGS,1767042,Natural Gas Transmission,1159311000.0,1308100000.0,0.1283426103953124,49895000.0,80521000.0,0.6138089988976851,0.89,599740000.0,315472000.0,284268000.0,323136000.0,385942000.0,0.84,1142653000.0,0.0218,4.18,Energy & Materials
KLIC,56978,Semiconductors & Related Devices,706232000.0,654081000.0,-0.0738440059357265,-69006000.0,213000.0,-1.003086688114077,0.004,113565000.0,17203000.0,96362000.0,901535000.0,188171000.0,4.79,821491000.0,0.0002,2.55,Technology
KMT,55242,"Machine Tools, Metal Cutting Types",2046899000.0,1966845000.0,-0.039109892574084,109323000.0,93125000.0,-0.14816644256012,1.2,208324000.0,88971000.0,119353000.0,1039270000.0,422329000.0,2.46,1283979000.0,0.0725,0.0,Industrials
KMX,1170010,Retail-Auto Dealers & Gasoline Stations,26536040000.0,26353420000.0,-0.0068819612873661,479204000.0,500556000.0,0.0445572240632382,3.21,624439000.0,467939000.0,156500000.0,5077636000.0,2197971000.0,2.31,6242988000.0,0.0798,0.03,Automotive & Vehicles
KNTK,1692787,Natural Gas Transmission,148409000.0,160617000.0,0.0822591621801912,80014000.0,178260000.0,1.2278601244782164,2.63,604120000.0,492474000.0,111646000.0,302036000.0,440501000.0,0.69,-565380000.0,0.0577,5.97,Energy & Materials
KOP,1315257,Lumber & Wood Products (No Furniture),2092100000.0,1879300000.0,-0.101715979159696,52400000.0,56000000.0,0.0687022900763358,2.74,122500000.0,55000000.0,67500000.0,668700000.0,227100000.0,2.94,574000000.0,0.0376,4.89,Other/Diversified
KRYS,1711279,"Biological Products, (No Diagnostic Substances)",290515000.0,389130000.0,0.3394489096948522,89159000.0,204831000.0,1.2973676241321683,6.84,200865000.0,11951000.0,188914000.0,1024602000.0,102942000.0,9.95,1219560000.0,0.1674,0.02,Healthcare
KTB,1760965,"Men's & Boys' Furnishgs, Work Clothg, & Allied Garments",652611000.0,2097839000.0,2.214532087261784,245802000.0,227452000.0,-0.0746535829651508,4.05,455809000.0,21047000.0,434762000.0,1081116000.0,593627000.0,1.82,564867000.0,0.1338,2.93,Other/Diversified
KWR,81362,Miscellaneous Products of  Petroleum & Coal,1839686000.0,1888634000.0,0.0266067144066976,116644000.0,-2488000.0,-1.0213298583724837,-0.14,136453000.0,55856000.0,80597000.0,921190000.0,380156000.0,2.42,1373113000.0,-0.0011,6.28,Energy & Materials
LCII,763744,Motor Vehicle Parts & Accessories,3741208000.0,4122017000.0,0.1017877113488477,142867000.0,188250000.0,0.3176590815233749,7.57,330976000.0,52644000.0,278332000.0,1349686000.0,473367000.0,2.85,1360833000.0,0.0818,2.29,Automotive & Vehicles
LEG,58492,Household Furniture,5133700000.0,5203900000.0,0.0136743479361863,-511500000.0,235400000.0,-1.4602150537634409,1.69,338200000.0,57200000.0,281000000.0,1743600000.0,775000000.0,2.25,1022100000.0,0.0806,3.5,Other/Diversified
LGND,886163,Pharmaceutical Preparations,141102000.0,50465000.0,-0.6423509234454509,-4032000.0,124453000.0,-31.866319444444443,6.13,49359000.0,452000.0,48907000.0,832271000.0,37447000.0,22.23,1017212000.0,0.1191,0.14,Healthcare
LMAT,1158895,Surgical & Medical Instruments & Apparatus,219863000.0,249602000.0,0.1352615037546108,44038000.0,57734000.0,0.3110041327944048,2.52,81251000.0,2841000.0,78410000.0,468232000.0,36323000.0,12.89,393516000.0,0.1467,0.0,Healthcare
LNN,836157,Farm Machinery & Equipment,607074000.0,676368000.0,0.1141442394172703,66257000.0,74052000.0,0.1176479466320539,6.78,132910000.0,42496000.0,90414000.0,532764000.0,143592000.0,3.71,532850000.0,0.1143,1.17,Industrials
LPG,1596993,Deep Sea Foreign Transportation of  Freight,353341476.0,75888175.0,-0.7852270957287788,307446913.0,90170480.0,-0.706712033241329,0.19,173013491.0,68781071.0,104232420.0,382356404.0,107884142.0,3.54,1046106185.0,0.0584,3.12,Industrials
LQDT,1235468,"Services-Business Services, NEC",363318000.0,476669000.0,0.3119883958405584,19991000.0,28093000.0,0.4052823770696813,0.87,66758000.0,7800000.0,58958000.0,224789000.0,161625000.0,1.39,203242000.0,0.1382,0.0,Other/Diversified
LRN,1157408,Services-Educational Services,917734000.0,238874000.0,-0.7397132502446243,204183000.0,287941000.0,0.4102104484702448,5.95,432816000.0,1781000.0,431035000.0,1632734000.0,302879000.0,5.39,1479619000.0,0.1519,0.84,Other/Diversified
LUMN,18926,Telephone Communications (No Radiotelephone),13108000000.0,12402000000.0,-0.0538602380225816,-55000000.0,-1739000000.0,30.618181818181817,-1.75,4738000000.0,3048000000.0,1690000000.0,7909000000.0,4390000000.0,1.8,-1117000000.0,1.5568,0.0,Communications
LZB,57131,Household Furniture,2356811000.0,2349433000.0,-0.0031305013427041,122626000.0,99556000.0,-0.1881330223606739,2.35,187271000.0,74280000.0,112991000.0,805688000.0,420791000.0,1.91,1020623000.0,0.0975,0.0,Other/Diversified
MARA,1507605,Finance Services,656378000.0,907093000.0,0.3819674029294095,541253000.0,-1311480000.0,-3.423044306451881,-3.69,-802725000.0,407071000.0,-1209796000.0,664268000.0,521875000.0,1.27,3471720000.0,-0.1965,999.0,Financials
MATW,63296,Nonferrous Foundries (Castings),1880896000.0,1795737000.0,-0.045275762189935,-59660000.0,-24471000.0,-0.5898256788467985,-0.79,-23550000.0,35818000.0,-59368000.0,520168000.0,350480000.0,1.48,480942000.0,-0.0206,5.35,Other/Diversified
MBC,1941365,"Wood Household Furniture, (No Upholstered)",2700400000.0,2734700000.0,0.0127018219523033,125900000.0,26700000.0,-0.7879269261318507,0.21,195700000.0,78200000.0,117500000.0,695900000.0,415700000.0,1.67,1344600000.0,0.0115,8.74,Other/Diversified
MCRI,907242,Hotels & Motels,184413000.0,395377000.0,1.1439757500826948,72769000.0,101392000.0,0.3933405708474762,5.43,164749000.0,36324000.0,128425000.0,129253000.0,150201000.0,0.86,537670000.0,0.1867,0.03,Hotels & Lodging
MCW,1853513,"Services-Automotive Repair, Services & Parking",994727000.0,1051731000.0,0.0573061754632175,70239000.0,103077000.0,0.4675180455302609,0.31,285704000.0,255399000.0,30305000.0,59678000.0,184846000.0,0.32,1133013000.0,0.0534,3.69,Automotive & Vehicles
MGPI,835011,"Wholesale-Beer, Wine & Distilled Alcoholic Beverages",22870000.0,19782000.0,-0.135024048972453,34663000.0,-107809000.0,-4.110203963880795,-4.99,121528000.0,45488000.0,76040000.0,522709000.0,200051000.0,2.61,718436000.0,-0.1441,999.0,Consumer & Retail
MIR,1809987,"Measuring & Controlling Devices, NEC",860800000.0,925400000.0,0.0750464684014869,-36100000.0,28800000.0,-1.7977839335180057,0.11,143300000.0,36400000.0,106900000.0,893700000.0,316100000.0,2.83,1866400000.0,0.0125,2.61,Other/Diversified
MLKN,66382,Office Furniture,3628400000.0,3669900000.0,0.011437548230625,82300000.0,-36900000.0,-1.448359659781288,-0.54,209300000.0,107600000.0,101700000.0,1108700000.0,703800000.0,1.58,1275800000.0,-0.0138,7.39,Other/Diversified
MMI,1578732,Real Estate Agents & Managers (For Others),198220000.0,237908000.0,0.2002219755826859,-12362000.0,-1909000.0,-0.8455751496521599,-0.05,66657000.0,7872000.0,58785000.0,309210000.0,121447000.0,2.55,603103000.0,-0.0032,0.0,Real Estate
MMSI,856982,Surgical & Medical Instruments & Apparatus,1356514000.0,1515906000.0,0.1175011831798271,120357000.0,128489000.0,0.0675656588316425,2.13,297371000.0,81716000.0,215655000.0,1040154000.0,239764000.0,4.34,1584303000.0,0.0553,2.39,Healthcare
MNRO,876427,"Services-Automotive Repair, Services & Parking",1276789000.0,1195334000.0,-0.0637967589006484,37571000.0,-5182000.0,-1.137925527667616,-0.22,131912000.0,26362000.0,105550000.0,277399000.0,524290000.0,0.53,620761000.0,-0.0076,999.0,Automotive & Vehicles
MODG,837465,"Sporting & Athletic Goods, NEC",2060100000.0,367500000.0,-0.8216106014271152,-409300000.0,-417000000.0,0.0188126068898118,-2.27,334000000.0,31800000.0,302200000.0,5935600000.0,4367500000.0,1.36,2068900000.0,-0.1509,999.0,Other/Diversified
MOG.A,67887,Misc Industrial & Commercial Machinery & Equipment,2811486000.0,3860624000.0,0.37316138156121,170622000.0,235028000.0,0.3774776992415984,7.33,273086000.0,144731000.0,128355000.0,2369980000.0,1119068000.0,2.12,1992555000.0,0.08,1.93,Industrials
MRCY,1049521,Electronic Components & Accessories,835275000.0,912020000.0,0.0918799197868965,-137640000.0,-37904000.0,-0.7246149375181633,-0.65,138851000.0,19803000.0,119048000.0,1058178000.0,300377000.0,3.52,1473461000.0,-0.0228,2.96,Other/Diversified
MSEX,66004,Water Supply,47107000.0,194694000.0,3.1330163245377545,44351000.0,42822000.0,-0.0344749836531307,2.36,62596000.0,74622000.0,-12026000.0,41766000.0,93795000.0,0.45,494031000.0,0.0468,4.67,Utilities
MSGS,1636519,Services-Miscellaneous Amusement & Recreation,1631068000.0,263556000.0,-0.8384150752758316,58771000.0,-22438000.0,-1.38178693573361,-0.93,91607000.0,3621000.0,87986000.0,251095000.0,563523000.0,0.45,-281439000.0,-2.3468,32.96,Other/Diversified
MTRN,1104657,Metal Forgings & Stampings,6686000.0,5607000.0,-0.1613819922225546,5888000.0,74823000.0,11.707710597826088,3.58,103243000.0,68649000.0,34594000.0,789520000.0,253583000.0,3.11,943277000.0,0.0534,3.05,Industrials
MTX,891014,Industrial Inorganic Chemicals,2118500000.0,2072600000.0,-0.0216662733065848,167100000.0,-18400000.0,-1.1101137043686415,-0.59,193700000.0,107100000.0,86600000.0,1155600000.0,555400000.0,2.08,1713400000.0,-0.0069,6.63,Industrials
MWA,1350593,Miscellaneous Fabricated Metal Products,1314700000.0,1429700000.0,0.0874724271696965,115900000.0,191700000.0,0.6540120793787748,1.22,219300000.0,35600000.0,183700000.0,1028900000.0,290300000.0,3.54,981700000.0,0.1339,1.4,Industrials
MXL,1288469,Semiconductors & Related Devices,478596000.0,194716000.0,-0.5931516351996255,-245198000.0,-136681000.0,-0.4425688627150303,-1.58,19619000.0,12598000.0,7021000.0,248841000.0,186020000.0,1.34,451895000.0,-0.2375,999.0,Technology
MYRG,700923,"Water, Sewer, Pipeline, Comm & Power Line Construction",1531169000.0,1531169000.0,0.0,30263000.0,118416000.0,2.9128969368535835,7.53,326567000.0,94372000.0,232195000.0,1060761000.0,795277000.0,1.33,660423000.0,0.1634,0.28,Utilities
NABL,1834488,Services-Prepackaged Software,466147000.0,511430000.0,0.0971431758651241,30958000.0,-17032000.0,-1.5501647393242457,-0.09,93202000.0,18139000.0,75063000.0,216440000.0,181815000.0,1.19,804655000.0,-0.0143,8.39,Technology
NATL,1974138,Calculating & Accounting Machines (No Electronic Computers),4354000000.0,1152000000.0,-0.735415709692237,162000000.0,83000000.0,-0.4876543209876543,1.09,356000000.0,117000000.0,239000000.0,1824000000.0,1899000000.0,0.96,403000000.0,0.027,7.59,Technology
NEO,1077183,Services-Testing Laboratories,5000000.0,5000000.0,0.0,-78726000.0,-108025000.0,0.3721642151258796,-0.03,5230000.0,27008000.0,-21778000.0,376286000.0,88300000.0,4.26,836562000.0,-0.0917,999.0,Other/Diversified
NEOG,711377,In Vitro & In Vivo Diagnostic Substances,924222000.0,894661000.0,-0.0319847395971963,-9421000.0,-1092044000.0,114.91593249124296,-5.03,58244000.0,1500000.0,56744000.0,576937000.0,174011000.0,3.32,2071254000.0,-0.3707,999.0,Other/Diversified
NGVT,1653477,Chemicals & Allied Products,1406400000.0,1167600000.0,-0.1697952218430034,-430300000.0,-167100000.0,-0.6116662793399954,-4.61,331200000.0,82100000.0,249100000.0,454200000.0,341300000.0,1.33,29700000.0,-5.6263,0.0,Other/Diversified
NHC,1047335,Services-Skilled Nursing Care Facilities,1307382000.0,1517781000.0,0.1609315410492113,101927000.0,120015000.0,0.1774603392624133,7.67,185078000.0,36446000.0,148632000.0,461820000.0,253632000.0,1.82,1068772000.0,0.109,0.16,Other/Diversified
NOG,1104485,Crude Petroleum & Natural Gas,2225728000.0,2475723000.0,0.1123205530954366,520308000.0,38761000.0,-0.9255037400924068,0.39,1505288000.0,86783.0,1505201217.0,586031000.0,539293000.0,1.09,2126341000.0,0.0132,4.05,Energy & Materials
NPK,80172,"Ordnance & Accessories, (No Vehicles/Guided Missiles)",503524000.0,163973000.0,-0.6743491869305137,33084000.0,15005000.0,-0.5464575021158263,1.66,-9137000.0,27034000.0,-36171000.0,403063000.0,94951000.0,4.24,395135000.0,0.038,0.0,Automotive & Vehicles
NSIT,932696,Retail-Catalog & Mail-Order Houses,8701698000.0,8247180000.0,-0.0522332537856404,249691000.0,157347000.0,-0.3698331137285685,4.86,303827000.0,24520000.0,279307000.0,6362387000.0,5104303000.0,1.25,1648874000.0,0.092,0.16,Consumer & Retail
NTCT,1078075,Services-Computer Integrated Systems Design,891820000.0,229351000.0,-0.7428281491780853,-147734000.0,-366922000.0,1.4836665899522117,-5.12,217670000.0,5407000.0,212263000.0,713184000.0,407932000.0,1.75,1560395000.0,-0.2351,999.0,Technology
NVRI,45876,"Services-Services, NEC",2342645000.0,2240358000.0,-0.0436630390007875,-127973000.0,-167601000.0,0.309659068709806,-2.08,101407000.0,141279000.0,-39872000.0,720681000.0,634024000.0,1.14,255062000.0,-0.0933,15.2,Other/Diversified
NWN,1733998,Natural Gas Distribution,1152994000.0,1289363000.0,0.1182738158221118,78871000.0,113319000.0,0.436763829544446,2.77,269124000.0,466893000.0,-197769000.0,602932000.0,836445000.0,0.72,1475076000.0,0.0289,15.8,Energy & Materials
NX,1423221,Rolling Drawing & Extruding of  Nonferrous Metals,1277862000.0,1837641000.0,0.4380590392389789,33059000.0,-250806000.0,-8.58661786502919,-5.43,164897000.0,62642000.0,102255000.0,573775000.0,281545000.0,2.04,726179000.0,-0.2887,999.0,Industrials
OGN,1821825,Pharmaceutical Preparations,6403000000.0,6216000000.0,-0.0292050601280649,864000000.0,187000000.0,-0.7835648148148148,0.72,700000000.0,162000000.0,538000000.0,4352000000.0,2390000000.0,1.82,752000000.0,0.0199,9.29,Healthcare
OI,812074,Glass Containers,6531000000.0,6426000000.0,-0.0160771704180064,-106000000.0,-129000000.0,0.2169811320754717,-0.84,600000000.0,432000000.0,168000000.0,2601000000.0,2089000000.0,1.25,1294000000.0,-0.0207,6.62,Other/Diversified
OII,73756,"Oil & Gas Field Services, NEC",2661161000.0,2784156000.0,0.0462185489716706,147468000.0,353761000.0,1.3989001003607562,3.49,318861000.0,111015000.0,207846000.0,1512400000.0,761726000.0,1.99,1070600000.0,0.2271,1.15,Energy & Materials
OMCL,926326,Electronic Computers,716165000.0,787309000.0,0.0993402358395062,12531000.0,2052000.0,-0.8362461096480728,0.04,127300000.0,40415000.0,86885000.0,680069000.0,476609000.0,1.43,1231814000.0,0.0016,0.55,Technology
OSIS,1039065,Semiconductors & Related Devices,960951000.0,1089286000.0,0.1335499937041535,149637000.0,52748000.0,-0.647493601181526,3.03,97592000.0,23832000.0,73760000.0,1422861000.0,696938000.0,2.04,951084000.0,0.0373,4.03,Technology
OUT,1579877,Real Estate Investment Trusts,1830900000.0,1831700000.0,0.0004369435796602,258200000.0,147000000.0,-0.4306738962044926,0.82,307600000.0,88800000.0,218800000.0,503700000.0,545300000.0,0.92,710400000.0,0.0446,8.4,Financials
OXM,75288,"Men's & Boys' Furnishgs, Work Clothg, & Allied Garments",1571475000.0,1516601000.0,-0.0349187864903991,60703000.0,92973000.0,0.531604698285093,5.87,194032000.0,134231000.0,59801000.0,292782000.0,248275000.0,1.18,622560000.0,0.1422,0.17,Other/Diversified
PARR,821483,Crude Petroleum & Natural Gas,1865045000.0,2443066000.0,0.3099233530558244,-33322000.0,369391000.0,-12.085499069683692,7.16,445337000.0,148873000.0,296464000.0,1776091000.0,1106136000.0,1.61,1511540000.0,0.1599,1.14,Energy & Materials
PATK,76605,Motor Vehicle Parts & Accessories,8000000.0,29000000.0,2.625,138401000.0,135056000.0,-0.0241689005137246,3.9,329414000.0,82921000.0,246493000.0,873122000.0,348490000.0,2.51,1184297000.0,0.0547,3.69,Automotive & Vehicles
PAYO,1845815,"Services-Business Services, NEC",977716000.0,1052774000.0,0.0767687140232951,121163000.0,73192000.0,-0.3959211970651106,0.19,233489000.0,26874000.0,206615000.0,8110916000.0,8083720000.0,1.0,704427000.0,0.1013,0.1,Other/Diversified
PBH,1295947,Pharmaceutical Preparations,713457000.0,975777000.0,0.3676745760431252,209339000.0,214605000.0,0.0251553699979459,4.29,251515000.0,8224000.0,243291000.0,448328000.0,106623000.0,4.2,1834897000.0,0.0725,3.56,Healthcare
PBI,78814,"Office Machines, NEC",2026598000.0,1892629000.0,-0.0661053647541347,-203597000.0,144697000.0,-1.7107030064293678,0.84,383257000.0,66278000.0,316979000.0,1100499000.0,1547839000.0,0.71,-802360000.0,0.1233,3.59,Other/Diversified
PCRX,1396814,Pharmaceutical Preparations,429647000.0,541533000.0,0.2604137815462461,-99560000.0,7034000.0,-1.0706508638007233,0.16,151994000.0,15333000.0,136661000.0,547974000.0,120590000.0,4.54,693111000.0,0.0066,2.9,Healthcare
PDFS,1120914,Services-Prepackaged Software,23112000.0,22367000.0,-0.0322343371408792,4057000.0,-640000.0,-1.157752033522307,-0.02,24053000.0,32631000.0,-8578000.0,163893000.0,71891000.0,2.28,271022000.0,-0.0019,8.89,Technology
PENG,1616533,Semiconductors & Related Devices,1368794000.0,337922000.0,-0.7531242831280675,-52472000.0,25391000.0,-1.4838961731971336,0.28,109084000.0,9012000.0,100072000.0,1064227000.0,473899000.0,2.25,394246000.0,0.0304,4.35,Technology
PENN,921738,Hotels & Motels,6401700000.0,6362900000.0,-0.0060608900760735,-311500000.0,-843100000.0,1.706581059390048,-5.83,508200000.0,263400000.0,244800000.0,1166100000.0,1475500000.0,0.79,1834000000.0,-0.18,999.0,Hotels & Lodging
PGNY,1551306,"Services-Misc Health & Allied Services, NEC",1288661000.0,318403000.0,-0.7529195032673449,58520000.0,12485000.0,-0.7866541353383458,0.14,210192000.0,18410000.0,191782000.0,551775000.0,202391000.0,2.73,516044000.0,0.0242,0.01,Healthcare
PI,1114995,"Electronic Components, NEC",125300000.0,122633000.0,-0.0212849162011173,40838000.0,-10847000.0,-1.2656104608452912,-0.37,58746000.0,12861000.0,45885000.0,339217000.0,126526000.0,2.68,209231000.0,-0.0276,21.69,Other/Diversified
PLAB,810136,Semiconductors & Related Devices,535276000.0,144660000.0,-0.7297468969279399,130688000.0,136405000.0,0.0437454089128305,2.28,247798000.0,188137000.0,59661000.0,890052000.0,165873000.0,5.37,1173589000.0,0.1131,0.13,Technology
PLAY,1525769,Retail-Eating  Places,109052000.0,116821000.0,0.0712412427098998,-48043000.0,-56785000.0,0.1819619923818246,1.46,312300000.0,530200000.0,-217900000.0,94400000.0,433900000.0,0.22,145800000.0,-0.0349,17.99,Consumer & Retail
PLXS,785786,Printed Circuit Boards,-103592000.0,-108372000.0,0.0461425592709861,111815000.0,172885000.0,0.5461700129678487,6.26,249231000.0,95264000.0,153967000.0,2398793000.0,1518683000.0,1.58,1454588000.0,0.1014,0.9,Other/Diversified
POWL,80420,Switchgear & Switchboard Apparatus,395911000.0,448716000.0,0.1333759355006554,180747000.0,51420000.0,-0.7155139504390114,4.22,167937000.0,13149000.0,154788000.0,931716000.0,446387000.0,2.09,640770000.0,0.0802,0.0,Other/Diversified
PRDO,1046568,Services-Educational Services,581296000.0,145505000.0,-0.7496886267925463,147590000.0,159914000.0,0.0835015922487973,2.42,225240000.0,4129000.0,221111000.0,696863000.0,137807000.0,5.06,972412000.0,0.1583,0.15,Other/Diversified
PRGS,876167,Services-Prepackaged Software,405341000.0,397572000.0,-0.0191665782637334,68438000.0,73133000.0,0.0686022385224582,1.66,235187000.0,5702000.0,229485000.0,399965000.0,809734000.0,0.49,478349000.0,0.0481,8.78,Technology
PRKS,1564902,Services-Miscellaneous Amusement & Recreation,1263324000.0,265505000.0,-0.7898361782092321,227497000.0,168353000.0,-0.2599770546424788,3.06,380085000.0,217489000.0,162596000.0,282794000.0,384732000.0,0.74,-435806000.0,0.0945,6.15,Other/Diversified
PRLB,1443669,Fabricated Structural Metal Products,298055000.0,344490000.0,0.1557933938367079,16593000.0,21241000.0,0.2801181220996805,0.88,74504000.0,14842000.0,59662000.0,233541000.0,67002000.0,3.49,673932000.0,0.0313,0.08,Industrials
PSMT,1041803,Retail-Variety Stores,3619871000.0,4066093000.0,0.123270138632012,138875000.0,147887000.0,0.0648928892889288,4.82,261307000.0,158134000.0,103173000.0,974460000.0,726271000.0,1.34,1247372000.0,0.1051,0.52,Consumer & Retail
PTCT,1070081,Pharmaceutical Preparations,194392000.0,264734000.0,0.361856454998148,-363295000.0,682644000.0,-2.8790349440537306,7.78,711196000.0,8860000.0,702336000.0,2273948000.0,968427000.0,2.35,-205313000.0,8.5225,0.39,Healthcare
PTEN,889900,Drilling Oil & Gas Wells,5377911000.0,4826624000.0,-0.1025095060145101,-968031000.0,-93635000.0,-0.9032727257701458,-0.24,961219000.0,589029000.0,372190000.0,1418091000.0,863642000.0,1.64,3218538000.0,-0.0211,999.0,Energy & Materials
PZZA,901491,Retail-Eating  Places,1813234000.0,2068421000.0,0.1407358344262241,83486000.0,30531000.0,-0.634297966126057,0.9,126000000.0,64695000.0,61305000.0,237432000.0,290991000.0,0.82,-444750000.0,0.1149,4.29,Consumer & Retail
QDEL,1906324,In Vitro & In Vivo Diagnostic Substances,2782900000.0,2730200000.0,-0.0189370800244349,-2052000000.0,-1131800000.0,-0.4484405458089668,-16.69,105200000.0,188200000.0,-83000000.0,1447300000.0,966100000.0,1.5,1920500000.0,-0.2451,999.0,Other/Diversified
QNST,1117297,"Services-Business Services, NEC",282549000.0,282140000.0,-0.0014475365334862,-68866000.0,-31331000.0,-0.5450439984898208,-0.57,12039000.0,5348000.0,6691000.0,169087000.0,126398000.0,1.34,216825000.0,-0.1351,999.0,Other/Diversified
QRVO,1604778,Semiconductors & Related Devices,3769506000.0,3718971000.0,-0.0134062659669463,-70322000.0,55615000.0,-1.790862034640653,0.58,622202000.0,137600000.0,484602000.0,2167275000.0,783182000.0,2.77,3392312000.0,0.0127,6.85,Technology
QTWO,1410384,Services-Prepackaged Software,193978000.0,51703000.0,-0.7334594644753529,-38536000.0,52008000.0,-2.34959518372431,0.8,201461000.0,6810000.0,194651000.0,556052000.0,544085000.0,1.02,661811000.0,0.0786,0.0,Technology
RAL,2041385,"Industrial Instruments For Measurement, Display, and Control",2154700000.0,2068800000.0,-0.0398663387014433,354600000.0,-1222500000.0,-4.447546531302876,-10.84,397600000.0,39200000.0,358400000.0,976100000.0,1159700000.0,0.84,1634300000.0,-0.5427,999.0,Industrials
RAMP,733269,Services-Computer Processing & Data Preparation,659661000.0,745580000.0,0.130247202729887,11881000.0,-814000.0,-1.068512751451898,-0.01,150132000.0,1042000.0,149090000.0,656189000.0,247518000.0,2.65,948859000.0,-0.0007,4.91,Technology
RCUS,1724521,Pharmaceutical Preparations,258000000.0,247000000.0,-0.0426356589147286,-283000000.0,-353000000.0,0.2473498233215547,-3.29,-482000000.0,2000000.0,-484000000.0,1007000000.0,231000000.0,4.36,631000000.0,-0.4836,999.0,Healthcare
RDNT,790526,Services-Medical Laboratories,1430061000.0,1616630000.0,0.1304622669942051,2793000.0,-18652000.0,-7.6781238811314,-0.25,298820000.0,74153000.0,224667000.0,1032127000.0,586763000.0,1.76,1089890000.0,-0.0087,7.18,Healthcare
RES,742278,"Oil & Gas Field Services, NEC",1809807000.0,41919000000.0,22.16213828325341,91444000.0,32080000.0,-0.6491842001662219,0.15,201331000.0,148407000.0,52924000.0,704470000.0,217152000.0,3.24,1099171000.0,0.0292,0.0,Energy & Materials
REX,744187,Industrial Organic Chemicals,833384000.0,642491000.0,-0.2290576732934637,27697000.0,60935000.0,1.200057767989313,3.3,64192000.0,71318000.0,-7126000.0,435819000.0,50443000.0,8.64,560337000.0,0.0977,0.63,Industrials
REYN,1786431,"Plastics, Foil & Coated Paper Bags",3817000000.0,3756000000.0,-0.0159811370186009,352000000.0,301000000.0,-0.1448863636363636,1.43,477000000.0,161000000.0,316000000.0,1116000000.0,577000000.0,1.93,2253000000.0,0.0785,2.44,Energy & Materials
REZI,1740332,Wholesale-Hardware,6761000000.0,7472000000.0,0.1051619582901937,116000000.0,-527000000.0,-5.543103448275862,-3.77,-1137000000.0,116000000.0,-1253000000.0,3358000000.0,1755000000.0,1.91,2917000000.0,-0.0866,999.0,Consumer & Retail
RGR,95029,"Ordnance & Accessories, (No Vehicles/Guided Missiles)",546057000.0,151062000.0,-0.7233585504809937,-4391000.0,3485000.0,-1.793668868139376,0.21,54308000.0,15846000.0,38462000.0,211604000.0,54747000.0,3.87,283760000.0,0.0123,0.0,Automotive & Vehicles
RHI,315213,Services-Help Supply Services,5795837000.0,5378506000.0,-0.0720053031167025,251598000.0,132990000.0,-0.4714186917225097,1.33,319965000.0,53155000.0,266810000.0,2119022000.0,1384506000.0,1.53,1275857000.0,0.1042,0.0,Other/Diversified
RHP,1040829,Real Estate Investment Trusts,1184719000.0,345175000.0,-0.7086439906847108,271638000.0,243425000.0,-0.1038624934655681,3.77,590629000.0,79815000.0,510814000.0,211245000.0,348819000.0,0.61,750152000.0,0.1028,3.5,Financials
ROCK,912562,"Steel Works, Blast Furnaces & Rolling & Finishing Mills",1308764000.0,1135501000.0,-0.1323867404665776,137340000.0,-44388000.0,-1.3231979030144168,-1.48,167001000.0,46413000.0,120588000.0,628886000.0,366022000.0,1.72,950398000.0,-0.0467,0.0,Other/Diversified
ROG,84748,"Plastic Materials, Synth Resins & Nonvulcan Elastomers",879091000.0,222942000.0,-0.7463948555951545,26100000.0,-61800000.0,-3.367816091954023,-3.4,101200000.0,30100000.0,71100000.0,500000000.0,126100000.0,3.97,1195700000.0,-0.0517,999.0,Other/Diversified
RUN,1469367,"Miscellaneous Electrical Machinery, Equipment & Supplies",858578000.0,243937000.0,-0.7158825406660781,-2846167000.0,449947000.0,-1.1580887558600743,1.71,-421440000.0,1572000.0,-423012000.0,2155969000.0,1302515000.0,1.66,3132484000.0,0.0841,6.91,Industrials
RUSHA,1012019,Retail-Auto Dealers & Gasoline Stations,7804746000.0,7434195000.0,-0.0474776501374932,304153000.0,263778000.0,-0.1327456904912987,3.27,861839000.0,399831000.0,462008000.0,2091138000.0,1492090000.0,1.4,2203229000.0,0.1064,0.43,Automotive & Vehicles
RXO,1929561,Transportation Services,4550000000.0,5742000000.0,0.261978021978022,-290000000.0,-100000000.0,-0.6551724137931034,-0.59,51000000.0,59000000.0,-8000000.0,1317000000.0,1038000000.0,1.27,1541000000.0,-0.0649,0.0,Industrials
SAH,1043509,Retail-Auto Dealers & Gasoline Stations,2702720000.0,2748404000.0,0.0169029718209803,216000000.0,118700000.0,-0.4504629629629629,3.42,567400000.0,-149900000.0,717300000.0,2832500000.0,2597900000.0,1.09,1068100000.0,0.0451,13.12,Automotive & Vehicles
SANM,897723,Printed Circuit Boards,6756643000.0,7890475000.0,0.1678099612485075,222536000.0,245893000.0,0.1049582988819786,4.46,620657000.0,147357000.0,473300000.0,4865458000.0,2822015000.0,1.72,1861269000.0,0.1147,0.6,Other/Diversified
SBH,1368458,"Retail-Retail Stores, NEC",3717031000.0,3701424000.0,-0.0041987812315797,153414000.0,195878000.0,0.276793512977955,1.89,274831000.0,102145000.0,172686000.0,1301453000.0,575974000.0,2.26,794207000.0,0.1173,2.05,Consumer & Retail
SCHL,866729,Books: Publishing or  Publishing & Printing,1653900000.0,1487100000.0,-0.1008525303827317,12100000.0,-1900000.0,-1.1570247933884297,-0.07,124200000.0,95000000.0,29200000.0,725300000.0,626400000.0,1.16,1018100000.0,-0.0015,3.5,Other/Diversified
SCL,94049,"Soap, Detergents, Cleang Preparations, Perfumes, Cosmetics",1843092000.0,1803737000.0,-0.0213527051281216,50370000.0,46895000.0,-0.0689894778638078,2.05,147882000.0,122514000.0,25368000.0,858959000.0,666494000.0,1.29,1244010000.0,0.0296,1.73,Other/Diversified
SCVL,895447,Retail-Shoe Stores,1175882000.0,1202885000.0,0.022964038908666,73348000.0,73766000.0,0.0056988602279544,2.68,102638000.0,33161000.0,69477000.0,536144000.0,130425000.0,4.11,648996000.0,0.1137,0.0,Consumer & Retail
SDGR,1490978,Pharmaceutical Preparations,207539000.0,255869000.0,0.2328718939572803,-187123000.0,-103265000.0,-0.4481437343351699,-1.41,13899000.0,1442000.0,12457000.0,519265000.0,189136000.0,2.75,364053000.0,-0.2837,999.0,Healthcare
SEDG,1419612,Semiconductors & Related Devices,901456000.0,1184444000.0,0.3139232530484017,-1254539000.0,-405448000.0,-0.6768151488315628,-6.88,104261000.0,23467000.0,80794000.0,1739847000.0,803495000.0,2.17,427464000.0,-0.9127,999.0,Technology
SEE,1012100,"Plastic Material, Synth Resin/Rubber, Cellulos (No Glass)",5392600000.0,5359800000.0,-0.0060824092274598,264700000.0,505500000.0,0.90970910464677,3.43,628000000.0,169500000.0,458500000.0,1919500000.0,2101400000.0,0.91,1237500000.0,0.0958,3.85,Other/Diversified
SHAK,1620533,Retail-Eating & Drinking Places,1252608000.0,1445306000.0,0.1538374335785816,10207000.0,45725000.0,3.479768786127168,1.09,222355000.0,165849000.0,56506000.0,430347000.0,244918000.0,1.76,525327000.0,0.0591,1.4,Consumer & Retail
SHEN,354963,Telephone Communications (No Radiotelephone),328058000.0,357854000.0,0.0908254028251101,193817000.0,-32943000.0,-1.1699696105088822,-0.71,100998000.0,358919000.0,-257921000.0,97443000.0,108496000.0,0.9,880783000.0,-0.0218,6.95,Communications
SHO,1295810,Hotels & Motels,1115167000.0,272952000.0,-0.7552366596213841,43262000.0,24568000.0,-0.4321113217142064,0.04,181760000.0,120003000.0,61757000.0,213966000.0,380888000.0,0.56,1944618000.0,0.0097,7.72,Hotels & Lodging
SHOO,913241,"Footwear, (No Rubber)",2282927000.0,2534109000.0,0.1100262951903411,-18397000.0,22591000.0,-2.227971951948687,0.63,162199000.0,42658000.0,119541000.0,1000699000.0,525707000.0,1.9,866388000.0,0.0205,2.76,Other/Diversified
SIG,832988,Retail-Jewelry Stores,6247100000.0,2154700000.0,-0.6550879608138176,810400000.0,61200000.0,-0.9244817374136228,-0.81,590900000.0,153000000.0,437900000.0,2712200000.0,1831500000.0,1.48,1851800000.0,0.033,0.0,Consumer & Retail
SITM,1451809,Semiconductors & Related Devices,202697000.0,326660000.0,0.6115680054465532,-93601000.0,-42903000.0,-0.5416395123983718,-1.72,87154000.0,52028000.0,35126000.0,949279000.0,84005000.0,11.3,1156182000.0,-0.0358,999.0,Technology
SKY,90896,Mobile Homes,2024823000.0,2483448000.0,0.2265012793710857,146696000.0,198413000.0,0.3525454000109069,3.42,240857000.0,50532000.0,190325000.0,1086498000.0,451308000.0,2.41,1544438000.0,0.1264,0.08,Other/Diversified
SKYW,793733,"Air Transportation, Scheduled",3221679000.0,2971963000.0,-0.0775111362739739,322962000.0,428334000.0,0.3262674865773682,10.35,940364000.0,32023000.0,908341000.0,1091194000.0,1667608000.0,0.65,2746433000.0,0.0933,1.74,Industrials
SLVM,1856485,Paper Mills,3773000000.0,3351000000.0,-0.1118473363371322,302000000.0,132000000.0,-0.5629139072847682,3.24,268000000.0,149000000.0,119000000.0,1076000000.0,716000000.0,1.5,966000000.0,0.0535,3.51,Other/Diversified
SMP,93389,Motor Vehicle Parts & Accessories,980392000.0,971975000.0,-0.0085853413736546,27500000.0,41335000.0,0.5030909090909091,1.84,57440000.0,38724000.0,18716000.0,1050450000.0,493314000.0,2.13,683699000.0,0.0331,4.39,Automotive & Vehicles
SMPL,1702744,Food and Kindred Products,215101000.0,222286000.0,0.0334029130501485,139309000.0,103614000.0,-0.2562289586458879,1.02,178457000.0,20542000.0,157915000.0,453684000.0,124561000.0,3.64,1806833000.0,0.0504,1.33,Consumer & Retail
SMTC,88941,Semiconductors & Related Devices,868758000.0,909287000.0,0.0466516567329451,-1092030000.0,-161896000.0,-0.8517476626100016,-2.26,57987000.0,7861000.0,50126000.0,585461000.0,283034000.0,2.07,542426000.0,-0.1544,999.0,Technology
SNCY,1743907,"Air Transportation, Scheduled",1075739000.0,1126769000.0,0.0474371571542911,52903000.0,52809000.0,-0.0017768368523524,0.96,157106000.0,73128000.0,83978000.0,368216000.0,451103000.0,0.82,625156000.0,0.06,1.21,Industrials
SNDR,1692063,Trucking (No Local),5290500000.0,5674300000.0,0.0725451280597297,117000000.0,103600000.0,-0.1145299145299145,0.59,637400000.0,352000000.0,285400000.0,1181200000.0,555800000.0,2.13,3024700000.0,0.0304,2.55,Automotive & Vehicles
SONO,1314727,Household Audio & Video Equipment,1518056000.0,1443276000.0,-0.0492603698414287,-38146000.0,-61144000.0,0.6028941435537146,-0.51,136869000.0,50286000.0,86583000.0,504035000.0,352412000.0,1.43,355225000.0,-0.1721,0.0,Other/Diversified
SPSC,1092699,Services-Prepackaged Software,220566000.0,58200000.0,-0.7361334022469465,77054000.0,93339000.0,0.2113452903158823,2.46,178790000.0,26524000.0,152266000.0,335304000.0,154351000.0,2.17,973893000.0,0.0958,0.0,Technology
SRPT,873303,Pharmaceutical Preparations,2198237000.0,442934000.0,-0.798504892784536,-713410000.0,-412226000.0,-0.422175186778991,-3.93,-205479000.0,101972000.0,-307451000.0,2537938000.0,1095290000.0,2.32,1140622000.0,-0.3609,999.0,Healthcare
SSTK,1549346,Services-Computer Processing & Data Preparation,935262000.0,989925000.0,0.0584467240195795,35932000.0,45496000.0,0.2661694311477234,1.25,166686000.0,42856000.0,123830000.0,338639000.0,628402000.0,0.54,581038000.0,0.0647,0.74,Technology
STAA,718937,Ophthalmic Goods,313901000.0,239442000.0,-0.237205360925897,-20208000.0,-80448000.0,2.980997624703088,-1.62,-34230000.0,5820000.0,-40050000.0,311545000.0,68504000.0,4.55,344184000.0,-0.2337,999.0,Other/Diversified
STRA,1013934,Services-Educational Services,997137000.0,263772000.0,-0.7354706524780447,112684000.0,126614000.0,0.1236200347875474,5.41,198198000.0,44252000.0,153946000.0,277857000.0,217943000.0,1.27,1646406000.0,0.0769,0.0,Other/Diversified
SUPN,1356576,Pharmaceutical Preparations,392755000.0,100446000.0,-0.7442527784496696,73865000.0,-38550000.0,-1.5218980572666352,-0.68,47331000.0,1338000.0,45993000.0,644182000.0,338171000.0,1.9,1061714000.0,-0.0355,0.37,Healthcare
SXC,1514705,"Steel Works, Blast Furnaces & Rolling Mills (Coke Ovens)",1450900000.0,1600300000.0,0.10297056999104,95900000.0,-44200000.0,-1.4608967674661106,-0.52,109100000.0,66800000.0,42300000.0,463000000.0,219500000.0,2.11,597300000.0,-0.0345,6.67,Other/Diversified
SXT,310142,Industrial Organic Chemicals,1424798000.0,1396499000.0,-0.0198617628604195,124666000.0,134489000.0,0.07879453900823,3.16,127826000.0,89409000.0,38417000.0,1081448000.0,263583000.0,4.1,1193514000.0,0.0704,2.68,Industrials
TDC,816761,Services-Prepackaged Software,2156000000.0,626000000.0,-0.7096474953617811,114000000.0,130000000.0,0.1403508771929824,1.35,305000000.0,19000000.0,286000000.0,837000000.0,914000000.0,0.92,230000000.0,0.1967,2.07,Technology
TDS,1051512,Telephone Communications (No Radiotelephone),4964000000.0,1228207000.0,-0.7525771555197421,-28000000.0,-6236000.0,-0.7772857142857142,-0.65,589889000.0,390529000.0,199360000.0,923469000.0,440311000.0,2.1,4801607000.0,-0.0013,0.0,Communications
TDW,98222,Water Transportation,119765000.0,118776000.0,-0.0082578382666054,180656000.0,334661000.0,0.8524765299796297,6.64,379108000.0,25761000.0,353347000.0,914135000.0,315237000.0,2.9,1365388000.0,0.1661,1.52,Industrials
TGNA,39899,Television Broadcasting Stations,2004088000.0,1903026000.0,-0.0504279253206446,599818000.0,219856000.0,-0.6334621501855563,1.34,325995000.0,43430000.0,282565000.0,981000000.0,430365000.0,2.28,3156179000.0,0.0387,5.48,Other/Diversified
TGTX,1001316,Pharmaceutical Preparations,6689000.0,2785000.0,-0.5836447899536552,23383000.0,447179000.0,18.12410725740923,2.77,-24772000.0,214000.0,-24986000.0,630764000.0,153760000.0,4.1,648020000.0,0.5004,2.05,Healthcare
THRM,903129,Motor Vehicle Parts & Accessories,369588000.0,554979000.0,0.5016153121854605,70119000.0,95393000.0,0.3604443873985652,0.59,116791000.0,55673000.0,61118000.0,776950000.0,404310000.0,1.92,720323000.0,0.1049,1.67,Automotive & Vehicles
THS,1320695,"Canned, Frozen & Preservd Fruit, Veg & Food Specialties",5812100000.0,1481100000.0,-0.7451695600557457,53100000.0,26900000.0,-0.4934086629001883,0.51,265800000.0,137000000.0,128800000.0,1009700000.0,744900000.0,1.36,1548900000.0,0.0091,5.51,Consumer & Retail
TILE,715787,Carpets & Rugs,1315658000.0,1386854000.0,0.0541143671075613,86946000.0,116098000.0,0.3352885699169599,1.96,167906000.0,46192000.0,121714000.0,554842000.0,237064000.0,2.34,640674000.0,0.1427,0.88,Other/Diversified
TMDX,1756262,Electromedical & Electrotherapeutic Apparatus,441540000.0,605494000.0,0.371323096435204,35464000.0,190291000.0,4.365751184299572,4.87,192840000.0,59251000.0,133589000.0,637783000.0,89305000.0,7.14,473100000.0,0.3578,0.4,Healthcare
TNC,97134,Refrigeration & Service Industry Machinery,1137600000.0,294800000.0,-0.740857946554149,83700000.0,43800000.0,-0.4767025089605735,2.36,65000000.0,21700000.0,43300000.0,599700000.0,293100000.0,2.05,601600000.0,0.05,4.2,Industrials
TNDM,1438133,Surgical & Medical Instruments & Apparatus,1014736000.0,290383000.0,-0.7138339430157203,-204710000.0,-589000.0,-0.9971227590249622,-0.01,-9721000.0,19948000.0,-29669000.0,618143000.0,242724000.0,2.55,155170000.0,-0.0013,14.41,Healthcare
TR,98677,Sugar & Confectionery Products,723217000.0,732524000.0,0.0128688899735487,86827000.0,100052000.0,0.1523143722574775,1.37,130614000.0,34263000.0,96351000.0,321468000.0,98452000.0,3.27,940972000.0,0.1063,0.0,Other/Diversified
TRIP,1526520,"Services-Computer Programming, Data Processing, Etc.",458000000.0,346000000.0,-0.2445414847161572,5000000.0,40000000.0,7.0,0.31,245000000.0,55000000.0,190000000.0,1291000000.0,998000000.0,1.29,645000000.0,0.022,13.17,Technology
TRUP,1371285,Hospital & Medical Service Plans,1285684000.0,1439305000.0,0.1194858145547428,-21177000.0,-4276000.0,-0.7980828257071351,0.45,89488000.0,14129000.0,75359000.0,691062000.0,409810000.0,1.69,383936000.0,-0.0111,0.0,Healthcare
TTMI,1116942,Printed Circuit Boards,2442753000.0,2906345000.0,0.1897825936556008,56299000.0,177448000.0,2.151885468658413,1.68,291882000.0,292565000.0,-683000.0,1855406000.0,962197000.0,1.93,1762253000.0,0.0663,3.53,Other/Diversified
TWI,899751,"Steel Works, Blast Furnaces & Rolling Mills (Coke Ovens)",1845937000.0,1828443000.0,-0.0094770298227946,-5560000.0,-63494000.0,10.41978417266187,-1.0,30029000.0,54620000.0,-24591000.0,985972000.0,428244000.0,2.3,514380000.0,-0.0622,7.01,Other/Diversified
UCTT,1275014,Semiconductors & Related Devices,2374300000.0,1734500000.0,-0.2694688960956913,23700000.0,-181200000.0,-8.645569620253164,-4.0,65600000.0,50300000.0,15300000.0,959700000.0,300700000.0,3.19,711000000.0,-0.2417,999.0,Technology
UFPT,914156,Surgical & Medical Instruments & Apparatus,602797000.0,148915000.0,-0.7529599516918631,68313000.0,17566000.0,-0.7428600705575805,2.25,91905000.0,9656000.0,82249000.0,201001000.0,74862000.0,2.68,423877000.0,0.0321,2.08,Healthcare
UNF,717954,Services-Personal Services,1696489000.0,434063000.0,-0.7441403981988683,145474000.0,148271000.0,0.0192268034150432,7.98,296872000.0,154345000.0,142527000.0,924603000.0,290403000.0,3.18,2168957000.0,0.0684,0.0,Other/Diversified
UNFI,1020859,"Wholesale-Groceries, General Line",30980000000.0,31784000000.0,0.0259522272433828,-112000000.0,-118000000.0,0.0535714285714285,-1.95,470000000.0,231000000.0,239000000.0,3423000000.0,2602000000.0,1.32,1551000000.0,-0.0346,6.04,Consumer & Retail
UPWK,1627475,Services-Computer Processing & Data Preparation,769325000.0,787784000.0,0.0239937607643063,215586000.0,115425000.0,-0.4645988143942556,0.84,248259000.0,5790000.0,242469000.0,950833000.0,650168000.0,1.46,630315000.0,0.1831,0.0,Technology
URBN,912615,Retail-Family Clothing Stores,5153237000.0,5550666000.0,0.0771222049364312,287674000.0,402462000.0,0.3990211141778541,4.26,502834000.0,182581000.0,320253000.0,1492796000.0,1075679000.0,1.39,2471504000.0,0.1535,0.3,Consumer & Retail
UTL,755001,Electric & Other Services Combined,494800000.0,536000000.0,0.0832659660468876,47100000.0,50200000.0,0.0658174097664543,2.97,131300000.0,185100000.0,-53800000.0,240100000.0,425800000.0,0.56,609600000.0,0.0335,8.13,Utilities
UVV,102037,Wholesale-Farm Product Raw Materials,2721644000.0,2922924000.0,0.0739553005462874,119598000.0,95047000.0,-0.2052793524975334,3.78,326974000.0,62601000.0,264373000.0,2156097000.0,750161000.0,2.87,1458556000.0,0.0375,3.9,Consumer & Retail
VCEL,887359,"Biological Products, (No Diagnostic Substances)",237224000.0,276259000.0,0.1645491181330725,10362000.0,16518000.0,0.5940938042848871,0.32,51910000.0,27162000.0,24748000.0,247437000.0,49149000.0,5.03,354640000.0,0.0466,0.0,Healthcare
VCYT,1384101,Services-Medical Laboratories,445764000.0,517145000.0,0.1601318186304861,24138000.0,66353000.0,1.7489021459938685,0.82,136307000.0,9677000.0,126630000.0,488376000.0,59937000.0,8.15,1309576000.0,0.0507,0.0,Healthcare
VECO,103145,"Special Industry Machinery, NEC",484756000.0,143432000.0,-0.704115059947685,73714000.0,35390000.0,-0.5199012399272865,0.59,69493000.0,16200000.0,53293000.0,845336000.0,178056000.0,4.75,885509000.0,0.0318,3.18,Industrials
VIAV,912093,Semiconductors & Related Devices,1000400000.0,1084300000.0,0.0838664534186325,-25800000.0,34800000.0,-2.3488372093023258,0.15,89800000.0,27800000.0,62000000.0,885200000.0,589700000.0,1.5,780200000.0,0.0278,7.09,Technology
VICR,751978,"Electronic Components, NEC",359058000.0,452701000.0,0.2608018760200302,6129000.0,118556000.0,18.343449176048296,2.61,139548000.0,20318000.0,119230000.0,587363000.0,65321000.0,8.99,711557000.0,0.1666,0.0,Other/Diversified
VIR,1706431,"Biological Products, (No Diagnostic Substances)",74205000.0,68556000.0,-0.0761269456236102,-521960000.0,-437987000.0,-0.1608801440723427,-3.16,-391781000.0,4832000.0,-396613000.0,514080000.0,92815000.0,5.54,2077963000.0,-0.2108,999.0,Healthcare
VRRM,1682745,Transportation Services,116023000.0,132969000.0,0.1460572472699378,31448000.0,136633000.0,3.344727804629865,0.85,255802000.0,119094000.0,136708000.0,440902000.0,210459000.0,2.09,292960000.0,0.104,2.58,Industrials
VRTS,883237,Investment Advice,154790000.0,171646000.0,0.1088959235092706,79957000.0,208131000.0,1.603036632189802,19.97,-67199000.0,6890000.0,-74089000.0,164826000.0,62411000.0,2.64,934043000.0,0.1572,1.21,Financials
VSAT,797721,"Communications Services, NEC",4283758000.0,4519571000.0,0.0550481609838837,-1068904000.0,-574962000.0,-0.4621013673819164,-4.48,908187000.0,1076968000.0,-168781000.0,2887943000.0,1676654000.0,1.72,4553831000.0,-0.0967,999.0,Communications
VSCO,1856437,Retail-Women's Clothing Stores,6182000000.0,6230000000.0,0.0077644775153671,109000000.0,165000000.0,0.5137614678899083,2.05,425000000.0,178000000.0,247000000.0,1441000000.0,1375000000.0,1.05,640000000.0,0.1023,1.7,Consumer & Retail
VTOL,1525221,"Air Transportation, Nonscheduled",1415491000.0,1490512000.0,0.0529999837512213,94797000.0,129074000.0,0.3615831724632636,4.32,198406000.0,6558000.0,191848000.0,694288000.0,365230000.0,1.9,1059705000.0,0.0758,2.45,Industrials
VYX,70866,Calculating & Accounting Machines (No Electronic Computers),6207000000.0,7156000000.0,0.1528918962461736,958000000.0,62000000.0,-0.9352818371607516,0.3,-210000000.0,30000000.0,-240000000.0,1103000000.0,1065000000.0,1.04,948000000.0,0.0303,3.93,Technology
WDFC,105132,Miscellaneous Chemical Products,408498000.0,488109000.0,0.1948871230703699,69644000.0,90994000.0,0.3065590718511286,6.69,87925000.0,4528000.0,83397000.0,284956000.0,102257000.0,2.79,268152000.0,0.2562,0.75,Other/Diversified
WERN,793074,Trucking (No Local),3030258000.0,2974396000.0,-0.0184347339401463,34233000.0,-14399000.0,-1.420617532789998,-0.24,181830000.0,250364000.0,-68534000.0,612849000.0,314784000.0,1.95,1362892000.0,-0.0068,35.23,Automotive & Vehicles
WGO,107687,Motor Homes,1985674000.0,530396000.0,-0.7328886816264906,13000000.0,25700000.0,0.9769230769230768,0.91,128900000.0,39400000.0,89500000.0,792200000.0,327100000.0,2.42,1224700000.0,0.0146,4.86,Automotive & Vehicles
WKC,789460,Wholesale-Petroleum & Petroleum Products (No Bulk Stations),42168000000.0,36916600000.0,-0.124535192563081,67400000.0,-614400000.0,-10.11572700296736,-10.99,292900000.0,65600000.0,227300000.0,3500500000.0,3310400000.0,1.06,1299100000.0,-0.3917,999.0,Energy & Materials
WLY,107140,Books: Publishing or  Publishing & Printing,1796103000.0,477300000.0,-0.734258001907463,-200319000.0,84161000.0,-1.4201348848586504,1.53,202591000.0,61473000.0,141118000.0,439884000.0,820856000.0,0.54,752206000.0,0.0546,2.33,Other/Diversified
WOR,108516,"Steel Works, Blast Furnaces & Rolling & Finishing Mills",1245703000.0,1153762000.0,-0.0738065172838148,110624000.0,96053000.0,-0.1317164448944171,1.92,209744000.0,50580000.0,159164000.0,685370000.0,196842000.0,3.48,937187000.0,0.0773,1.54,Other/Diversified
WS,1968487,"Steel Works, Blast Furnaces & Rolling & Finishing Mills",3430600000.0,3093300000.0,-0.098320993412231,154700000.0,110700000.0,-0.2844214608920491,2.19,230300000.0,130400000.0,99900000.0,1048500000.0,631500000.0,1.66,1074100000.0,0.0903,1.03,Other/Diversified
WSC,1647088,Services-Miscellaneous Equipment Rental & Leasing,2395718000.0,2281446000.0,-0.0476984352916328,28129000.0,-52990000.0,-2.883820967684596,-0.29,761985000.0,24331000.0,737654000.0,525051000.0,611104000.0,0.86,856254000.0,-0.0619,0.0,Other/Diversified
WT,880631,"Security Brokers, Dealers & Flotation Companies",427737000.0,493753000.0,0.1543378290865648,66693000.0,109133000.0,0.636348642286297,0.75,147946000.0,215000.0,147731000.0,492362000.0,282056000.0,1.75,413672000.0,0.1485,2.04,Other/Diversified
WWW,110471,"Footwear, (No Rubber)",1755000000.0,1874300000.0,0.0679772079772079,47900000.0,95800000.0,1.0,1.14,140000000.0,14500000.0,125500000.0,729400000.0,521100000.0,1.4,408000000.0,0.1003,3.49,Other/Diversified
XNCR,1326732,Pharmaceutical Preparations,110493000.0,125576000.0,0.1365063850198655,-232618000.0,-91923000.0,-0.6048328160331531,-1.24,-135117000.0,3150000.0,-138267000.0,599821000.0,95907000.0,6.25,635587000.0,-0.1291,999.0,Healthcare
XPEL,1767258,"Coating, Engraving & Allied Services",420400000.0,476200000.0,0.1327307326355851,45489000.0,51226000.0,0.1261184022510936,1.85,66938000.0,4008000.0,62930000.0,230697000.0,71000000.0,3.25,280282000.0,0.1825,0.01,Other/Diversified
YELP,1345016,Services-Personal Services,1412064000.0,1464955000.0,0.0374565175516123,132850000.0,145600000.0,0.0959729017689123,2.24,372029000.0,48353000.0,323676000.0,514935000.0,172060000.0,2.99,710852000.0,0.1999,0.07,Other/Diversified
ZD,1084048,Telegraph & Other Message Communications,1390997000.0,1364028000.0,-0.019388251735985,63047000.0,47354000.0,-0.2489095436737672,1.15,407068000.0,119198000.0,287870000.0,1370399000.0,1074953000.0,1.27,1753575000.0,0.0192,2.12,Communications
ZWS,1439288,General Industrial Machinery & Equipment,1281800000.0,1530500000.0,0.1940240287096271,160200000.0,198000000.0,0.2359550561797752,1.15,346500000.0,41400000.0,305100000.0,811700000.0,259400000.0,3.13,1603300000.0,0.0943,1.28,Industrials
